"","X5","X1500","X0","X0.1","X0.2"
"1",5,1500,0,0,0
"2",10,460,4,0,0
"3",15,144,9,0,0
"4",20,168,9,0,0
"5",25,16,10,1,0
"6",30,16,10,1,0
"7",35,44,10,1,0
"8",40,244,10,1,0
"9",45,154,10,2,0
"10",50,234,10,3,0
"11",55,40,11,3,0
"12",5,1500,0,0,1
"13",10,1500,0,0,1
"14",15,1626,1,0,1
"15",20,1602,1,0,1
"16",25,1594,2,0,1
"17",30,1594,2,0,1
"18",35,1466,2,0,1
"19",40,1466,2,0,1
"20",45,1706,2,0,1
"21",50,1676,2,0,1
"22",55,1870,2,0,1
"23",5,1500,0,0,0
"24",10,550,4,0,0
"25",15,138,7,0,0
"26",20,138,7,0,0
"27",25,138,7,0,0
"28",30,66,8,0,0
"29",35,100,8,0,0
"30",40,12,9,0,0
"31",45,12,9,0,0
"32",50,52,10,0,0
"33",55,64,10,0,0
"34",5,1500,0,0,1
"35",10,1120,2,0,1
"36",15,1112,3,0,1
"37",20,892,4,0,1
"38",25,892,4,0,1
"39",30,1064,4,0,1
"40",35,670,5,0,1
"41",40,1058,5,0,1
"42",45,1058,5,0,1
"43",50,688,6,1,1
"44",55,176,7,3,1
"45",5,1500,0,0,0
"46",10,1500,0,0,0
"47",15,1500,0,0,0
"48",20,1550,1,0,0
"49",25,1550,1,0,0
"50",30,1550,1,0,0
"51",35,1750,1,0,0
"52",40,1782,1,0,0
"53",45,1832,2,0,0
"54",50,1832,2,0,0
"55",55,1832,2,0,0
"56",60,1932,2,0,0
"57",65,2132,2,0,0
"58",70,1932,2,0,0
"59",75,1932,2,0,0
"60",80,2132,2,0,0
"61",85,2332,2,0,0
"62",90,1932,2,0,0
"63",95,1932,2,0,0
"64",100,2132,2,0,0
"65",105,2122,2,0,0
"66",110,2392,2,0,0
"67",115,2392,2,0,0
"68",120,2392,2,0,0
"69",125,2392,2,0,0
"70",130,2472,2,0,0
"71",135,2472,2,0,0
"72",140,2272,2,0,0
"73",145,2472,2,0,0
"74",150,2672,2,0,0
"75",155,2672,2,0,0
"76",160,2672,2,0,0
"77",165,2672,2,0,0
"78",170,2872,2,0,0
"79",175,3072,2,0,0
"80",180,2972,2,0,0
"81",185,2972,2,0,0
"82",190,3172,2,0,0
"83",195,2972,2,0,0
"84",200,2972,2,0,0
"85",205,2972,2,0,0
"86",5,1500,0,0,1
"87",10,1500,0,0,1
"88",15,1300,1,0,1
"89",20,1500,1,0,1
"90",25,1400,2,0,1
"91",30,1200,3,0,1
"92",35,1400,3,0,1
"93",40,1568,3,0,1
"94",45,1568,3,0,1
"95",50,1668,3,0,1
"96",55,1668,4,0,1
"97",60,1668,4,0,1
"98",65,1868,4,0,1
"99",70,2068,4,0,1
"100",75,2268,4,0,1
"101",80,2268,4,0,1
"102",85,2268,4,0,1
"103",90,2868,4,0,1
"104",95,2868,4,0,1
"105",100,2868,4,0,1
"106",105,2778,4,0,1
"107",110,2708,4,0,1
"108",115,2908,4,0,1
"109",120,2908,4,0,1
"110",125,3208,4,0,1
"111",130,3028,4,0,1
"112",135,3228,4,0,1
"113",140,3628,4,0,1
"114",145,3628,4,0,1
"115",150,3828,4,0,1
"116",155,4028,4,0,1
"117",160,4028,4,0,1
"118",165,4028,4,0,1
"119",170,4228,4,0,1
"120",175,4228,4,0,1
"121",180,4628,4,0,1
"122",185,4628,4,0,1
"123",190,4628,4,0,1
"124",195,5028,4,0,1
"125",200,5128,4,0,1
"126",205,5328,4,0,1
"127",5,1500,0,0,1
"128",10,512,5,0,1
"129",15,52,8,0,1
"130",20,178,9,0,1
"131",25,190,9,0,1
"132",30,150,11,0,1
"133",35,174,13,0,1
"134",40,36,14,0,1
"135",45,240,14,0,1
"136",50,266,14,0,1
"137",55,106,15,0,1
"138",60,124,16,1,1
"139",65,324,16,2,1
"140",70,220,17,3,1
"141",75,420,17,3,1
"142",80,212,18,3,1
"143",85,315,18,4,1
"144",90,5,20,4,1
"145",95,281,20,4,1
"146",100,363,22,5,1
"147",105,223,23,5,1
"148",110,439,23,6,1
"149",115,439,24,6,1
"150",120,610,24,7,1
"151",125,834,24,8,1
"152",130,734,24,8,1
"153",135,1104,24,9,1
"154",140,846,25,10,1
"155",145,932,25,10,1
"156",150,650,26,10,1
"157",155,674,27,10,1
"158",160,976,27,10,1
"159",165,1056,27,10,1
"160",170,1244,27,10,1
"161",175,1364,27,11,1
"162",180,1526,27,11,1
"163",185,1610,27,11,1
"164",190,1752,27,11,1
"165",195,2124,27,11,1
"166",200,2390,27,11,1
"167",205,2640,27,11,1
"168",210,2659,27,12,1
"169",215,2931,27,12,1
"170",220,3297,27,13,1
"171",225,3497,27,13,1
"172",230,3755,27,13,1
"173",235,4047,27,13,1
"174",240,4151,27,13,1
"175",245,4263,27,14,1
"176",250,4359,27,14,1
"177",255,4259,27,14,1
"178",260,4410,27,14,1
"179",5,1500,0,0,0
"180",10,1488,0,0,0
"181",15,1488,0,0,0
"182",20,1462,0,0,0
"183",25,1450,1,0,0
"184",30,1650,1,0,0
"185",35,1626,1,0,0
"186",40,1814,1,0,0
"187",45,2010,1,0,0
"188",50,1984,1,0,0
"189",55,2044,1,0,0
"190",60,1926,1,0,0
"191",65,1876,1,0,0
"192",70,1980,1,0,0
"193",75,1980,1,0,0
"194",80,1928,1,0,0
"195",85,2075,1,0,0
"196",90,2025,1,0,0
"197",95,2149,1,0,0
"198",100,1977,1,0,0
"199",105,1897,1,0,0
"200",110,1981,1,0,0
"201",115,2121,1,0,0
"202",120,2050,1,0,0
"203",125,1826,1,0,0
"204",130,1826,1,0,0
"205",135,1556,1,0,0
"206",140,1664,1,0,0
"207",145,1578,1,0,0
"208",150,1660,1,0,0
"209",155,1686,1,0,0
"210",160,1584,1,0,0
"211",165,1704,1,0,0
"212",170,1516,1,0,0
"213",175,1446,1,0,0
"214",180,1484,1,0,0
"215",185,1400,1,0,0
"216",190,1458,1,0,0
"217",195,1186,1,0,0
"218",200,1120,1,0,0
"219",205,1270,1,0,0
"220",210,1051,1,0,0
"221",215,1179,1,0,0
"222",220,663,1,0,0
"223",225,663,1,0,0
"224",230,605,1,0,0
"225",235,513,1,0,0
"226",240,409,1,0,0
"227",245,347,1,0,0
"228",250,251,1,0,0
"229",255,251,1,0,0
"230",260,0,1,0,0
"231",5,1500,0,0,0
"232",10,460,5,0,0
"233",15,200,8,0,0
"234",20,234,8,0,0
"235",25,42,9,0,0
"236",30,142,10,0,0
"237",35,154,10,1,0
"238",40,34,11,1,0
"239",45,208,12,1,0
"240",50,36,13,1,0
"241",55,28,13,2,0
"242",60,240,13,2,0
"243",65,200,14,2,0
"244",5,1500,0,0,1
"245",10,1200,0,0,1
"246",15,1400,0,0,1
"247",20,1216,1,0,1
"248",25,1408,1,0,1
"249",30,1308,1,0,1
"250",35,1446,1,0,1
"251",40,1646,1,0,1
"252",45,1612,1,0,1
"253",50,1884,1,0,1
"254",55,1842,1,0,1
"255",60,2030,1,0,1
"256",65,2030,1,0,1
"257",5,1500,0,0,1
"258",10,1300,1,0,1
"259",15,1500,1,0,1
"260",20,1700,1,0,1
"261",25,1520,2,0,1
"262",30,1684,2,0,1
"263",35,1464,3,0,1
"264",40,1442,3,0,1
"265",45,1342,3,0,1
"266",50,1258,3,0,1
"267",55,1182,3,0,1
"268",60,1098,3,0,1
"269",65,1112,3,0,1
"270",70,932,4,3,1
"271",75,1132,4,4,1
"272",5,1500,0,0,0
"273",10,840,3,0,0
"274",15,200,7,0,0
"275",20,50,8,0,0
"276",25,90,9,2,0
"277",30,76,9,3,0
"278",35,56,10,5,0
"279",40,78,10,5,0
"280",45,78,11,7,0
"281",50,412,11,10,0
"282",55,888,11,10,0
"283",60,1032,12,10,0
"284",65,878,13,10,0
"285",70,118,15,10,0
"286",75,68,16,11,0
"287",5,1500,0,0,1
"288",10,1300,1,0,1
"289",15,1278,1,0,1
"290",20,1078,3,0,1
"291",25,1056,3,0,1
"292",30,1142,3,0,1
"293",35,1342,3,0,1
"294",40,1542,3,0,1
"295",45,1542,3,0,1
"296",50,1442,3,0,1
"297",55,1642,3,0,1
"298",60,1792,3,0,1
"299",65,1542,3,0,1
"300",70,1718,3,0,1
"301",75,1440,3,0,1
"302",80,1640,3,0,1
"303",85,1440,4,0,1
"304",90,1560,4,0,1
"305",95,1736,4,0,1
"306",5,1500,0,0,0
"307",10,1080,2,0,0
"308",15,662,4,0,0
"309",20,422,6,0,0
"310",25,214,7,1,0
"311",30,178,7,2,0
"312",35,88,8,3,0
"313",40,88,8,3,0
"314",45,138,8,4,0
"315",50,338,8,4,0
"316",55,238,8,6,0
"317",60,338,8,7,0
"318",65,388,9,7,0
"319",70,262,9,8,0
"320",75,440,9,9,0
"321",80,200,10,10,0
"322",85,100,10,11,0
"323",90,230,10,12,0
"324",95,154,10,13,0
"325",5,1500,0,0,1
"326",10,572,5,0,1
"327",15,392,7,0,1
"328",20,32,9,0,1
"329",25,52,11,0,1
"330",30,52,11,0,1
"331",35,52,11,0,1
"332",40,70,11,0,1
"333",45,70,11,0,1
"334",50,97,12,0,1
"335",55,247,12,2,1
"336",60,6,15,2,1
"337",65,206,15,2,1
"338",70,96,16,2,1
"339",75,308,16,2,1
"340",80,474,16,3,1
"341",85,150,18,4,1
"342",90,236,19,4,1
"343",95,216,20,4,1
"344",100,182,20,5,1
"345",105,436,20,5,1
"346",110,132,21,5,1
"347",115,54,22,5,1
"348",120,372,22,5,1
"349",125,552,22,6,1
"350",130,397,23,7,1
"351",135,397,23,7,1
"352",140,495,24,7,1
"353",145,523,24,7,1
"354",150,523,25,7,1
"355",155,799,25,7,1
"356",160,973,25,7,1
"357",165,1009,25,7,1
"358",170,1305,25,8,1
"359",175,1373,25,8,1
"360",180,1336,26,8,1
"361",185,1640,26,8,1
"362",190,1770,26,8,1
"363",195,2022,26,8,1
"364",200,2172,26,8,1
"365",205,2354,26,8,1
"366",210,2414,26,9,1
"367",215,2664,26,10,1
"368",220,2786,26,10,1
"369",225,3074,26,10,1
"370",230,3186,26,10,1
"371",235,3408,26,12,1
"372",240,3496,26,12,1
"373",245,3766,26,12,1
"374",250,4010,26,12,1
"375",255,4368,26,12,1
"376",260,4518,26,12,1
"377",265,4770,26,13,1
"378",270,4984,26,13,1
"379",275,5034,26,13,1
"380",280,5434,26,13,1
"381",5,1500,0,0,0
"382",10,1500,0,0,0
"383",15,1500,0,0,0
"384",20,1500,0,0,0
"385",25,1680,0,0,0
"386",30,1280,2,0,0
"387",35,1480,2,0,0
"388",40,1462,2,0,0
"389",45,1462,2,0,0
"390",50,1637,2,0,0
"391",55,1387,2,0,0
"392",60,1567,2,0,0
"393",65,1767,2,0,0
"394",70,1727,2,0,0
"395",75,1915,2,0,0
"396",80,2099,2,0,0
"397",85,2063,2,0,0
"398",90,2077,2,0,0
"399",95,2077,2,0,0
"400",100,2211,2,0,0
"401",105,2157,2,0,0
"402",110,2221,2,0,0
"403",115,2379,2,0,0
"404",120,2261,2,0,0
"405",125,2231,2,0,0
"406",130,2287,2,0,0
"407",135,2287,2,0,0
"408",140,2239,2,0,0
"409",145,2411,2,0,0
"410",150,2151,2,0,0
"411",155,2275,2,0,0
"412",160,2201,2,0,0
"413",165,2165,2,0,0
"414",170,2069,2,0,0
"415",175,2001,2,0,0
"416",180,1875,2,0,0
"417",185,1771,2,0,0
"418",190,1641,2,0,0
"419",195,1389,2,0,0
"420",200,1439,2,0,0
"421",205,1457,2,0,0
"422",210,1197,2,0,0
"423",215,1147,2,0,0
"424",220,1025,2,0,0
"425",225,937,2,0,0
"426",230,1025,2,0,0
"427",235,753,2,0,0
"428",240,865,2,0,0
"429",245,995,2,0,0
"430",250,751,2,0,0
"431",255,793,2,0,0
"432",260,843,2,0,0
"433",265,891,2,0,0
"434",270,877,2,0,0
"435",275,827,2,0,0
"436",280,527,2,0,0
"437",5,1500,0,0,0
"438",10,1500,0,0,0
"439",15,1700,0,0,0
"440",20,1700,0,0,0
"441",25,1550,1,0,0
"442",30,1750,1,0,0
"443",35,1750,1,0,0
"444",40,1950,1,0,0
"445",45,1700,2,0,0
"446",50,1800,2,0,0
"447",55,1800,2,0,0
"448",60,2000,2,0,0
"449",65,2000,2,0,0
"450",70,2000,2,0,0
"451",75,2000,2,0,0
"452",80,2000,2,0,0
"453",85,2000,2,0,0
"454",90,2000,2,0,0
"455",95,2270,2,0,0
"456",100,2270,2,0,0
"457",105,2470,2,0,0
"458",110,2470,2,0,0
"459",115,2720,2,0,0
"460",120,2720,2,0,0
"461",125,2520,2,0,0
"462",130,2720,2,0,0
"463",135,2520,2,0,0
"464",140,2620,2,0,0
"465",145,2420,2,0,0
"466",150,2420,2,0,0
"467",155,2420,2,0,0
"468",160,2420,2,0,0
"469",165,2260,2,0,0
"470",170,2260,2,0,0
"471",175,2340,2,0,0
"472",180,2340,2,0,0
"473",185,2440,2,0,0
"474",190,2240,2,0,0
"475",195,2040,2,0,0
"476",5,1500,0,0,1
"477",10,1500,0,0,1
"478",15,1300,1,0,1
"479",20,1300,1,0,1
"480",25,1300,1,0,1
"481",30,1500,1,0,1
"482",35,1300,2,0,1
"483",40,1200,3,0,1
"484",45,1300,3,0,1
"485",50,1600,3,0,1
"486",55,1400,4,0,1
"487",60,1400,4,0,1
"488",65,1600,4,0,1
"489",70,1800,4,0,1
"490",75,1800,4,0,1
"491",80,2000,4,0,1
"492",85,2200,4,0,1
"493",90,2100,4,0,1
"494",95,2230,4,0,1
"495",100,2230,4,0,1
"496",105,2430,4,0,1
"497",110,2630,4,0,1
"498",115,2780,4,0,1
"499",120,2780,4,0,1
"500",125,3180,4,0,1
"501",130,3180,4,0,1
"502",135,3380,4,0,1
"503",140,3580,4,0,1
"504",145,3780,4,0,1
"505",150,3680,4,0,1
"506",155,3880,4,0,1
"507",160,4280,4,0,1
"508",165,4440,4,0,1
"509",170,4440,4,0,1
"510",175,4760,4,0,1
"511",180,5060,4,0,1
"512",185,5260,4,0,1
"513",190,5460,4,0,1
"514",195,5860,4,0,1
"515",5,1500,0,0,0
"516",10,1100,2,0,0
"517",15,1100,3,0,0
"518",20,736,5,0,0
"519",25,36,7,0,0
"520",30,126,8,0,0
"521",35,126,8,0,0
"522",40,232,10,0,0
"523",45,46,11,0,0
"524",50,180,12,0,0
"525",55,380,12,0,0
"526",60,84,13,0,0
"527",65,212,13,0,0
"528",70,74,15,1,0
"529",5,1500,0,0,1
"530",10,1500,0,0,1
"531",15,1220,1,0,1
"532",20,1434,1,0,1
"533",25,1234,2,0,1
"534",30,1444,2,0,1
"535",35,1204,3,0,1
"536",40,1018,3,0,1
"537",45,1184,3,0,1
"538",50,1190,3,0,1
"539",55,990,3,0,1
"540",60,1026,3,0,1
"541",65,1198,3,0,1
"542",70,956,3,0,1
"543",5,1500,0,0,1
"544",10,1080,2,0,1
"545",15,208,7,0,1
"546",20,208,7,0,1
"547",25,384,8,1,1
"548",30,284,10,1,1
"549",35,84,11,2,1
"550",40,300,11,3,1
"551",45,508,11,5,1
"552",50,924,11,6,1
"553",55,824,11,6,1
"554",5,1500,0,0,0
"555",10,1100,2,0,0
"556",15,1132,3,0,0
"557",20,912,4,0,0
"558",25,866,5,0,0
"559",30,706,6,0,0
"560",35,556,6,0,0
"561",40,230,8,0,0
"562",45,122,8,0,0
"563",50,56,8,0,0
"564",55,56,8,0,0
"565",5,1500,0,0,0
"566",10,1380,1,0,0
"567",15,1260,3,0,0
"568",20,900,5,0,0
"569",25,1080,5,0,0
"570",30,690,7,0,0
"571",35,680,7,0,0
"572",40,602,7,0,0
"573",45,742,8,0,0
"574",50,610,10,0,0
"575",55,560,10,0,0
"576",60,110,11,0,0
"577",65,-432,0,0,0
"578",5,1500,0,0,1
"579",10,980,3,0,1
"580",15,850,3,0,1
"581",20,870,4,0,1
"582",25,670,5,0,1
"583",30,250,6,1,1
"584",35,250,7,2,1
"585",40,178,7,3,1
"586",45,228,7,4,1
"587",50,60,7,5,1
"588",55,160,7,6,1
"589",60,260,7,7,1
"590",65,902,7,9,1
"591",5,1500,0,0,1
"592",10,1300,1,0,1
"593",15,1440,1,0,1
"594",20,1440,1,0,1
"595",25,1440,1,0,1
"596",30,1440,2,0,1
"597",35,1640,2,0,1
"598",40,1640,2,0,1
"599",45,1740,2,0,1
"600",50,1740,2,0,1
"601",55,1940,2,0,1
"602",60,1940,2,0,1
"603",65,1940,3,0,1
"604",70,1940,3,0,1
"605",75,1800,4,0,1
"606",80,2000,4,0,1
"607",85,2000,4,0,1
"608",90,2200,4,0,1
"609",95,2400,4,0,1
"610",100,2600,4,0,1
"611",105,2500,4,0,1
"612",110,2500,4,0,1
"613",115,2400,4,0,1
"614",120,2400,4,0,1
"615",125,2700,4,0,1
"616",130,2900,4,0,1
"617",135,2900,4,0,1
"618",140,3100,4,0,1
"619",145,3300,4,0,1
"620",150,3210,4,0,1
"621",155,3380,4,0,1
"622",160,3580,4,0,1
"623",165,3780,4,0,1
"624",170,4180,4,0,1
"625",175,4380,4,0,1
"626",180,4780,4,0,1
"627",185,4780,4,0,1
"628",190,5180,4,0,1
"629",195,5330,4,0,1
"630",200,5330,4,0,1
"631",205,5730,4,0,1
"632",210,5730,4,0,1
"633",215,5930,4,0,1
"634",220,5880,4,0,1
"635",225,6080,4,0,1
"636",230,6080,4,0,1
"637",235,6080,4,0,1
"638",240,6280,4,0,1
"639",245,6220,4,0,1
"640",250,6420,4,0,1
"641",255,6420,4,0,1
"642",5,1500,0,0,0
"643",10,1550,1,0,0
"644",15,1460,2,0,0
"645",20,1660,2,0,0
"646",25,1660,2,0,0
"647",30,1660,2,0,0
"648",35,1860,2,0,0
"649",40,1860,2,0,0
"650",45,1960,2,0,0
"651",50,1960,2,0,0
"652",55,2160,2,0,0
"653",60,2360,2,0,0
"654",65,2360,2,0,0
"655",70,2560,2,0,0
"656",75,2700,2,0,0
"657",80,2700,2,0,0
"658",85,2700,2,0,0
"659",90,2700,2,0,0
"660",95,2700,2,0,0
"661",100,2700,2,0,0
"662",105,2700,2,0,0
"663",110,2900,2,0,0
"664",115,2900,2,0,0
"665",120,3000,2,0,0
"666",125,2800,2,0,0
"667",130,2800,2,0,0
"668",135,2800,2,0,0
"669",140,2800,2,0,0
"670",145,2800,2,0,0
"671",150,2890,2,0,0
"672",155,2920,2,0,0
"673",160,3120,2,0,0
"674",165,2920,2,0,0
"675",170,2920,2,0,0
"676",175,2720,2,0,0
"677",180,2720,2,0,0
"678",185,2920,2,0,0
"679",190,2920,2,0,0
"680",195,2970,2,0,0
"681",200,3170,2,0,0
"682",205,3170,2,0,0
"683",210,3170,2,0,0
"684",215,3170,2,0,0
"685",220,3220,2,0,0
"686",225,3020,2,0,0
"687",230,3020,2,0,0
"688",235,3220,2,0,0
"689",240,3420,2,0,0
"690",245,3480,2,0,0
"691",250,3680,2,0,0
"692",255,3680,2,0,0
"693",5,1500,0,0,1
"694",10,1180,2,0,1
"695",15,710,5,0,1
"696",20,670,7,0,1
"697",25,487,8,0,1
"698",30,347,10,0,1
"699",35,147,11,0,1
"700",40,31,12,0,1
"701",45,231,12,0,1
"702",50,437,12,0,1
"703",55,673,12,0,1
"704",60,708,12,0,1
"705",65,910,12,0,1
"706",70,810,12,0,1
"707",75,750,13,0,1
"708",80,850,13,0,1
"709",85,854,13,0,1
"710",90,917,13,0,1
"711",95,517,15,0,1
"712",100,917,15,0,1
"713",105,717,17,0,1
"714",110,409,18,0,1
"715",115,569,19,1,1
"716",120,812,19,1,1
"717",125,994,19,2,1
"718",130,1055,19,4,1
"719",135,1267,19,4,1
"720",140,1256,19,5,1
"721",145,1454,19,6,1
"722",150,1484,19,6,1
"723",155,1582,19,9,1
"724",160,1982,19,10,1
"725",5,1500,0,0,0
"726",10,1280,1,0,0
"727",15,1280,1,0,0
"728",20,800,3,0,0
"729",25,783,3,0,0
"730",30,773,3,0,0
"731",35,713,4,0,0
"732",40,929,4,0,0
"733",45,409,6,0,0
"734",50,503,6,0,0
"735",55,47,7,0,0
"736",60,12,7,0,0
"737",65,210,7,0,0
"738",70,210,7,0,0
"739",75,210,7,0,0
"740",80,210,7,0,0
"741",85,206,7,0,0
"742",90,243,7,0,0
"743",95,453,7,0,0
"744",100,253,7,0,0
"745",105,253,7,0,0
"746",110,441,7,0,0
"747",115,221,7,0,0
"748",120,378,7,0,0
"749",125,346,7,0,0
"750",130,185,7,0,0
"751",135,373,7,0,0
"752",140,284,7,0,0
"753",145,236,7,0,0
"754",150,406,7,0,0
"755",155,208,7,0,0
"756",160,-42,0,0,0
"757",5,1500,0,0,0
"758",10,1100,2,0,0
"759",15,390,5,0,0
"760",20,316,7,0,0
"761",25,116,8,0,0
"762",30,246,9,0,0
"763",35,268,9,0,0
"764",40,68,12,1,0
"765",45,108,12,1,0
"766",50,98,12,4,0
"767",55,88,12,6,0
"768",5,1500,0,0,1
"769",10,1140,2,0,1
"770",15,1140,2,0,1
"771",20,674,4,0,1
"772",25,874,4,0,1
"773",30,884,4,0,1
"774",35,702,5,0,1
"775",40,852,5,0,1
"776",45,812,5,0,1
"777",50,772,5,0,1
"778",55,422,6,0,1
"779",5,1500,0,0,1
"780",10,870,4,0,1
"781",15,80,8,0,1
"782",20,80,8,0,1
"783",25,42,9,0,1
"784",30,4,10,0,1
"785",35,4,11,0,1
"786",40,44,12,0,1
"787",45,66,12,0,1
"788",50,48,13,0,1
"789",55,56,13,0,1
"790",60,313,13,0,1
"791",65,287,15,0,1
"792",70,285,15,1,1
"793",75,5,16,1,1
"794",80,221,16,1,1
"795",85,201,17,1,1
"796",90,1,18,2,1
"797",95,235,18,2,1
"798",100,431,18,2,1
"799",105,51,20,3,1
"800",110,287,20,3,1
"801",115,333,20,3,1
"802",120,341,21,4,1
"803",125,229,22,4,1
"804",130,259,22,4,1
"805",135,123,23,4,1
"806",140,290,24,4,1
"807",145,546,24,4,1
"808",150,568,24,4,1
"809",155,840,24,4,1
"810",160,390,26,4,1
"811",165,626,26,4,1
"812",170,646,26,4,1
"813",175,798,27,4,1
"814",180,886,27,5,1
"815",185,1054,27,5,1
"816",190,1390,27,5,1
"817",195,1434,27,5,1
"818",200,1890,27,5,1
"819",205,1966,27,5,1
"820",210,2218,27,5,1
"821",215,2322,27,5,1
"822",220,2552,27,6,1
"823",225,2832,27,6,1
"824",230,3432,27,6,1
"825",235,3990,27,6,1
"826",240,4240,27,6,1
"827",245,4570,27,6,1
"828",250,4714,27,6,1
"829",255,4862,27,6,1
"830",260,5082,27,6,1
"831",265,5238,27,7,1
"832",270,5282,27,7,1
"833",275,5402,27,8,1
"834",280,5700,27,8,1
"835",285,5764,27,8,1
"836",290,5804,27,8,1
"837",295,5804,27,8,1
"838",300,5908,27,8,1
"839",305,6216,27,8,1
"840",310,6316,27,8,1
"841",315,6496,27,9,1
"842",5,1500,0,0,0
"843",10,1500,0,0,0
"844",15,1700,0,0,0
"845",20,1550,1,0,0
"846",25,1728,1,0,0
"847",30,1706,1,0,0
"848",35,1906,1,0,0
"849",40,1906,1,0,0
"850",45,2084,1,0,0
"851",50,2282,1,0,0
"852",55,2274,1,0,0
"853",60,2217,1,0,0
"854",65,2403,1,0,0
"855",70,2305,1,0,0
"856",75,2285,1,0,0
"857",80,2269,1,0,0
"858",85,2169,1,0,0
"859",90,2319,1,0,0
"860",95,2485,1,0,0
"861",100,2389,1,0,0
"862",105,2559,1,0,0
"863",110,2523,1,0,0
"864",115,2477,1,0,0
"865",120,2419,1,0,0
"866",125,2331,1,0,0
"867",130,2401,1,0,0
"868",135,2337,1,0,0
"869",140,2370,1,0,0
"870",145,2314,1,0,0
"871",150,2192,1,0,0
"872",155,2120,1,0,0
"873",160,2090,1,0,0
"874",165,2054,1,0,0
"875",170,2034,1,0,0
"876",175,1962,1,0,0
"877",180,1724,1,0,0
"878",185,1756,1,0,0
"879",190,1520,1,0,0
"880",195,1476,1,0,0
"881",200,1420,1,0,0
"882",205,1344,1,0,0
"883",210,1292,1,0,0
"884",215,1188,1,0,0
"885",220,1158,1,0,0
"886",225,878,1,0,0
"887",230,678,1,0,0
"888",235,520,1,0,0
"889",240,470,1,0,0
"890",245,440,1,0,0
"891",250,296,1,0,0
"892",255,148,1,0,0
"893",260,328,1,0,0
"894",265,72,1,0,0
"895",270,228,1,0,0
"896",275,8,1,0,0
"897",280,110,1,0,0
"898",285,246,1,0,0
"899",290,206,1,0,0
"900",295,206,1,0,0
"901",300,102,1,0,0
"902",305,194,1,0,0
"903",310,294,1,0,0
"904",315,-36,0,0,0
"905",5,1500,0,0,1
"906",10,1320,1,0,1
"907",15,1520,1,0,1
"908",20,1100,4,0,1
"909",25,1328,4,0,1
"910",30,1108,5,1,1
"911",35,1328,5,1,1
"912",40,1328,5,1,1
"913",45,1528,5,1,1
"914",50,1528,5,1,1
"915",55,1308,6,1,1
"916",60,1308,6,1,1
"917",65,1344,6,1,1
"918",70,1344,6,1,1
"919",75,1424,6,1,1
"920",80,1624,6,1,1
"921",85,1660,6,1,1
"922",90,1888,6,1,1
"923",95,1888,6,1,1
"924",100,2128,6,1,1
"925",105,2208,6,2,1
"926",110,2036,6,3,1
"927",115,2064,6,4,1
"928",120,1864,6,5,1
"929",125,1914,6,6,1
"930",130,2142,6,6,1
"931",135,2142,6,6,1
"932",140,1942,6,7,1
"933",145,1942,6,8,1
"934",150,2142,6,8,1
"935",155,2222,6,8,1
"936",160,2222,6,9,1
"937",165,2472,6,9,1
"938",170,2472,6,10,1
"939",175,2542,6,10,1
"940",180,2542,6,11,1
"941",185,2542,6,11,1
"942",190,3242,6,11,1
"943",195,3442,6,11,1
"944",200,3522,6,11,1
"945",205,3522,6,11,1
"946",210,3592,6,11,1
"947",215,3792,6,11,1
"948",220,3992,6,11,1
"949",225,3992,6,11,1
"950",230,4892,6,11,1
"951",235,5142,6,11,1
"952",240,5542,6,11,1
"953",245,5412,6,12,1
"954",5,1500,0,0,0
"955",10,1500,0,0,0
"956",15,1400,1,0,0
"957",20,1400,1,0,0
"958",25,1372,1,0,0
"959",30,1072,2,0,0
"960",35,1052,3,0,0
"961",40,1252,3,0,0
"962",45,1352,3,0,0
"963",50,1352,3,0,0
"964",55,1252,3,0,0
"965",60,1452,3,0,0
"966",65,1416,3,0,0
"967",70,1616,3,0,0
"968",75,1536,3,0,0
"969",80,1536,3,0,0
"970",85,1700,3,0,0
"971",90,1672,3,0,0
"972",95,1772,3,0,0
"973",100,1732,4,0,0
"974",105,1902,4,0,0
"975",110,1924,4,0,0
"976",115,2146,4,0,0
"977",120,2196,4,0,0
"978",125,2196,4,0,0
"979",130,2368,4,0,0
"980",135,2268,4,0,0
"981",140,2518,4,0,0
"982",145,2818,4,0,0
"983",150,3018,4,0,0
"984",155,2938,4,0,0
"985",160,3188,4,0,0
"986",165,2938,4,0,0
"987",170,2938,4,0,0
"988",175,3068,4,0,0
"989",180,3118,4,0,0
"990",185,3318,4,0,0
"991",190,2618,4,0,0
"992",195,2918,4,0,0
"993",200,2838,4,0,0
"994",205,3038,4,0,0
"995",210,2968,4,0,0
"996",215,2868,4,0,0
"997",220,2868,4,0,0
"998",225,2868,4,0,0
"999",230,2168,4,0,0
"1000",235,1918,4,0,0
"1001",240,1918,4,0,0
"1002",245,2048,4,0,0
"1003",5,1500,0,0,0
"1004",10,1140,2,0,0
"1005",15,1340,2,0,0
"1006",20,1138,3,0,0
"1007",25,942,4,0,0
"1008",30,762,5,0,0
"1009",35,526,6,0,0
"1010",40,470,7,0,0
"1011",45,494,7,0,0
"1012",50,712,7,0,0
"1013",55,795,7,0,0
"1014",60,795,7,0,0
"1015",65,495,8,2,0
"1016",70,65,9,5,0
"1017",75,89,9,5,0
"1018",80,63,9,5,0
"1019",85,311,9,7,0
"1020",90,276,9,8,0
"1021",95,136,10,8,0
"1022",5,1500,0,0,1
"1023",10,900,3,0,1
"1024",15,190,7,0,1
"1025",20,92,8,0,1
"1026",25,58,8,1,1
"1027",30,208,8,2,1
"1028",35,134,8,5,1
"1029",40,220,8,8,1
"1030",45,86,9,13,1
"1031",50,18,10,14,1
"1032",55,85,10,15,1
"1033",60,285,10,15,1
"1034",65,385,10,15,1
"1035",70,275,11,15,1
"1036",75,391,12,15,1
"1037",80,317,12,17,1
"1038",85,169,12,19,1
"1039",90,54,12,19,1
"1040",95,354,13,22,1
"1041",5,1500,0,0,1
"1042",10,860,4,0,1
"1043",15,540,6,0,1
"1044",20,294,7,0,1
"1045",25,228,9,0,1
"1046",30,222,11,1,1
"1047",35,244,12,3,1
"1048",40,92,13,4,1
"1049",5,1500,0,0,0
"1050",10,1030,2,0,0
"1051",15,990,3,0,0
"1052",20,391,5,0,0
"1053",25,591,5,0,0
"1054",30,397,5,0,0
"1055",35,341,6,0,0
"1056",40,3,7,0,0
"1057",5,1500,0,0,1
"1058",10,1700,0,0,1
"1059",15,1700,0,0,1
"1060",20,1850,0,0,1
"1061",25,2050,0,0,1
"1062",30,1850,1,0,1
"1063",35,1650,3,0,1
"1064",40,1650,4,0,1
"1065",45,1750,4,0,1
"1066",50,1950,4,0,1
"1067",55,1950,4,0,1
"1068",60,1950,4,0,1
"1069",65,2150,4,0,1
"1070",70,2180,4,0,1
"1071",75,2180,4,0,1
"1072",80,2180,4,0,1
"1073",85,2180,4,0,1
"1074",90,2500,4,0,1
"1075",95,2440,4,0,1
"1076",100,2340,4,0,1
"1077",105,2540,4,0,1
"1078",110,2740,4,0,1
"1079",115,2940,4,0,1
"1080",120,3140,4,0,1
"1081",125,3340,4,0,1
"1082",130,3540,4,0,1
"1083",135,3740,4,0,1
"1084",140,3740,4,0,1
"1085",145,3940,4,0,1
"1086",150,4340,4,0,1
"1087",155,4740,4,0,1
"1088",160,4740,4,0,1
"1089",165,4740,4,0,1
"1090",170,4940,4,0,1
"1091",175,4940,4,0,1
"1092",180,5140,4,0,1
"1093",185,5140,4,0,1
"1094",190,5140,4,0,1
"1095",195,5140,4,0,1
"1096",200,5140,4,0,1
"1097",205,5240,4,0,1
"1098",210,5440,4,0,1
"1099",215,5640,4,0,1
"1100",5,1500,0,0,0
"1101",10,1350,1,0,0
"1102",15,1100,2,0,0
"1103",20,1350,2,0,0
"1104",25,1550,2,0,0
"1105",30,1550,2,0,0
"1106",35,1750,2,0,0
"1107",40,1750,2,0,0
"1108",45,1750,2,0,0
"1109",50,1950,2,0,0
"1110",55,1950,2,0,0
"1111",60,1850,2,0,0
"1112",65,1650,2,0,0
"1113",70,1820,2,0,0
"1114",75,1820,2,0,0
"1115",80,2020,2,0,0
"1116",85,2020,2,0,0
"1117",90,2100,2,0,0
"1118",95,2160,2,0,0
"1119",100,2160,2,0,0
"1120",105,2160,2,0,0
"1121",110,2160,2,0,0
"1122",115,2360,2,0,0
"1123",120,2560,2,0,0
"1124",125,2360,2,0,0
"1125",130,2460,2,0,0
"1126",135,2460,2,0,0
"1127",140,2460,2,0,0
"1128",145,2360,2,0,0
"1129",150,2160,2,0,0
"1130",155,1960,2,0,0
"1131",160,2160,2,0,0
"1132",165,2160,2,0,0
"1133",170,2160,2,0,0
"1134",175,2160,2,0,0
"1135",180,2360,2,0,0
"1136",185,2360,2,0,0
"1137",190,2360,2,0,0
"1138",195,2560,2,0,0
"1139",200,2560,2,0,0
"1140",205,2560,2,0,0
"1141",210,2560,2,0,0
"1142",215,2760,2,0,0
"1143",5,1500,0,0,1
"1144",10,860,3,0,1
"1145",15,390,6,0,1
"1146",20,355,8,0,1
"1147",25,339,8,0,1
"1148",30,259,9,0,1
"1149",35,259,9,0,1
"1150",40,263,9,0,1
"1151",45,287,9,0,1
"1152",50,73,10,0,1
"1153",55,242,10,0,1
"1154",60,260,12,0,1
"1155",65,40,13,2,1
"1156",5,1500,0,0,0
"1157",10,1200,2,0,0
"1158",15,290,5,0,0
"1159",20,145,6,0,0
"1160",25,261,7,0,0
"1161",30,121,8,0,0
"1162",35,221,8,0,0
"1163",40,37,9,0,0
"1164",45,13,9,0,0
"1165",50,27,9,0,0
"1166",55,38,10,2,0
"1167",60,10,10,2,0
"1168",65,10,10,4,0
"1169",5,1500,0,0,1
"1170",10,960,3,0,1
"1171",15,540,6,0,1
"1172",20,326,9,0,1
"1173",25,126,10,0,1
"1174",30,176,11,0,1
"1175",35,406,11,0,1
"1176",40,112,12,0,1
"1177",45,312,12,0,1
"1178",5,1500,0,0,0
"1179",10,1160,2,0,0
"1180",15,780,5,0,0
"1181",20,784,5,0,0
"1182",25,704,6,0,0
"1183",30,484,7,0,0
"1184",35,394,8,0,0
"1185",40,268,9,0,0
"1186",45,168,9,0,0
"1187",5,1500,0,0,1
"1188",10,840,3,0,1
"1189",15,500,6,0,1
"1190",20,325,7,0,1
"1191",25,25,9,0,1
"1192",30,43,9,0,1
"1193",35,55,9,0,1
"1194",40,295,9,0,1
"1195",45,241,9,0,1
"1196",50,291,9,0,1
"1197",55,491,9,0,1
"1198",60,652,9,0,1
"1199",65,732,9,0,1
"1200",70,932,9,0,1
"1201",75,794,11,0,1
"1202",80,986,11,0,1
"1203",85,976,11,0,1
"1204",90,1060,11,0,1
"1205",95,910,12,0,1
"1206",100,640,13,0,1
"1207",105,818,13,0,1
"1208",110,832,13,0,1
"1209",115,824,13,0,1
"1210",120,810,13,1,1
"1211",125,994,13,1,1
"1212",130,970,13,1,1
"1213",135,1074,13,2,1
"1214",140,888,14,3,1
"1215",5,1500,0,0,0
"1216",10,940,3,0,0
"1217",15,650,5,0,0
"1218",20,765,6,0,0
"1219",25,545,7,0,0
"1220",30,627,7,0,0
"1221",35,355,8,0,0
"1222",40,175,9,0,0
"1223",45,229,9,0,0
"1224",50,59,11,0,0
"1225",55,59,12,0,0
"1226",60,98,12,0,0
"1227",65,18,12,0,0
"1228",70,218,12,0,0
"1229",75,196,12,0,0
"1230",80,204,12,0,0
"1231",85,14,13,0,0
"1232",90,330,13,0,0
"1233",95,260,13,0,0
"1234",100,10,14,0,0
"1235",105,32,14,0,0
"1236",110,18,14,0,0
"1237",115,226,14,0,0
"1238",120,40,14,0,0
"1239",125,56,14,0,0
"1240",130,280,14,0,0
"1241",135,76,14,0,0
"1242",140,22,14,0,0
"1243",5,1500,0,0,1
"1244",10,1240,2,0,1
"1245",15,1226,2,0,1
"1246",20,750,4,0,1
"1247",25,556,5,0,1
"1248",30,94,7,0,1
"1249",35,174,8,0,1
"1250",40,221,8,0,1
"1251",5,1500,0,0,0
"1252",10,970,3,0,0
"1253",15,584,4,0,0
"1254",20,420,6,0,0
"1255",25,204,8,0,0
"1256",30,46,9,0,0
"1257",35,46,9,0,0
"1258",40,-1,0,0,0
"1259",5,1500,0,0,1
"1260",10,1200,2,0,1
"1261",15,934,4,0,1
"1262",20,644,6,0,1
"1263",25,674,7,0,1
"1264",30,663,9,0,1
"1265",35,663,9,0,1
"1266",40,387,10,0,1
"1267",45,467,11,1,1
"1268",50,469,12,2,1
"1269",55,507,12,5,1
"1270",60,535,13,5,1
"1271",5,1500,0,0,0
"1272",10,520,4,0,0
"1273",15,546,4,0,0
"1274",20,266,5,0,0
"1275",25,486,5,0,0
"1276",30,197,6,0,0
"1277",35,97,6,0,0
"1278",40,133,7,0,0
"1279",45,83,7,0,0
"1280",50,231,7,0,0
"1281",55,43,7,0,0
"1282",60,115,7,0,0
"1283",5,1500,0,0,1
"1284",10,530,5,0,1
"1285",15,530,5,0,1
"1286",20,160,6,0,1
"1287",25,80,7,0,1
"1288",30,78,8,0,1
"1289",35,258,8,0,1
"1290",40,274,8,0,1
"1291",45,421,9,0,1
"1292",50,198,12,0,1
"1293",55,106,12,0,1
"1294",5,1500,0,0,0
"1295",10,1060,3,0,0
"1296",15,660,6,0,0
"1297",20,730,7,0,0
"1298",25,970,7,0,0
"1299",30,972,7,0,0
"1300",35,832,9,0,0
"1301",40,616,10,0,0
"1302",45,569,10,0,0
"1303",50,512,10,0,0
"1304",55,584,11,0,0
"1305",5,1500,0,0,0
"1306",10,1114,2,0,0
"1307",15,1114,2,0,0
"1308",20,1114,2,0,0
"1309",25,714,4,0,0
"1310",30,626,4,0,0
"1311",35,176,7,0,0
"1312",40,346,7,0,0
"1313",45,72,8,0,0
"1314",50,74,8,0,0
"1315",5,1500,0,0,1
"1316",10,1076,3,0,1
"1317",15,856,4,0,1
"1318",20,656,5,0,1
"1319",25,176,8,0,1
"1320",30,164,9,0,1
"1321",35,164,9,0,1
"1322",40,94,10,0,1
"1323",45,308,10,0,1
"1324",50,306,10,0,1
"1325",5,1500,0,0,1
"1326",10,1325,1,0,1
"1327",15,565,4,0,1
"1328",20,727,5,0,1
"1329",25,707,6,0,1
"1330",30,573,7,0,1
"1331",35,317,8,0,1
"1332",40,303,8,0,1
"1333",45,333,9,0,1
"1334",50,233,9,0,1
"1335",55,263,10,0,1
"1336",60,533,11,0,1
"1337",65,431,12,3,1
"1338",5,1500,0,0,0
"1339",10,985,3,0,0
"1340",15,785,4,0,0
"1341",20,583,5,0,0
"1342",25,583,5,0,0
"1343",30,137,7,0,0
"1344",35,133,8,0,0
"1345",40,147,8,0,0
"1346",45,177,8,0,0
"1347",50,17,10,0,0
"1348",55,37,10,0,0
"1349",60,107,10,0,0
"1350",65,19,11,0,0
"1351",5,1500,0,0,0
"1352",10,1160,2,0,0
"1353",15,1160,2,0,0
"1354",20,740,3,0,0
"1355",25,460,5,0,0
"1356",30,598,5,0,0
"1357",35,38,7,0,0
"1358",40,118,8,0,0
"1359",45,94,8,0,0
"1360",50,45,8,0,0
"1361",55,191,9,0,0
"1362",60,2,10,0,0
"1363",65,18,11,0,0
"1364",5,1500,0,0,1
"1365",10,1120,2,0,1
"1366",15,70,6,0,1
"1367",20,90,6,0,1
"1368",25,70,8,0,1
"1369",30,132,8,0,1
"1370",35,332,8,0,1
"1371",40,52,9,0,1
"1372",45,76,10,0,1
"1373",50,25,10,0,1
"1374",55,219,10,0,1
"1375",60,158,12,0,1
"1376",65,142,12,0,1
"1377",5,1500,0,0,0
"1378",10,940,3,0,0
"1379",15,740,5,0,0
"1380",20,240,7,0,0
"1381",25,322,8,0,0
"1382",30,238,9,0,0
"1383",35,70,10,0,0
"1384",5,1500,0,0,1
"1385",10,1380,1,0,1
"1386",15,1380,1,0,1
"1387",20,870,5,0,1
"1388",25,508,6,0,1
"1389",30,632,7,0,1
"1390",35,120,9,0,1
"1391",5,1500,0,0,1
"1392",10,1280,1,0,1
"1393",15,1140,2,0,1
"1394",20,1140,2,0,1
"1395",25,1140,2,0,1
"1396",30,840,3,0,1
"1397",35,318,5,0,1
"1398",40,318,7,0,1
"1399",45,156,8,0,1
"1400",50,200,8,0,1
"1401",55,230,9,0,1
"1402",60,250,9,0,1
"1403",65,250,9,0,1
"1404",70,26,10,0,1
"1405",75,114,11,0,1
"1406",80,296,11,0,1
"1407",85,266,11,0,1
"1408",90,226,12,0,1
"1409",95,246,12,0,1
"1410",100,256,12,0,1
"1411",105,368,12,0,1
"1412",110,150,13,0,1
"1413",115,325,13,0,1
"1414",120,15,14,1,1
"1415",5,1500,0,0,0
"1416",10,570,5,0,0
"1417",15,370,6,0,0
"1418",20,370,6,0,0
"1419",25,150,7,0,0
"1420",30,150,7,0,0
"1421",35,132,7,0,0
"1422",40,132,7,0,0
"1423",45,114,7,0,0
"1424",50,270,7,0,0
"1425",55,320,7,0,0
"1426",60,140,8,0,0
"1427",65,140,8,0,0
"1428",70,244,9,0,0
"1429",75,256,9,0,0
"1430",80,174,9,0,0
"1431",85,404,9,0,0
"1432",90,444,9,0,0
"1433",95,624,9,0,0
"1434",100,814,9,0,0
"1435",105,802,9,0,0
"1436",110,820,9,0,0
"1437",115,595,10,0,0
"1438",120,205,11,0,0
"1439",5,1500,0,0,1
"1440",10,1080,2,0,1
"1441",15,1080,3,0,1
"1442",20,800,5,0,1
"1443",25,256,7,1,1
"1444",30,84,8,1,1
"1445",35,84,8,1,1
"1446",5,1500,0,0,0
"1447",10,1150,2,0,0
"1448",15,710,5,0,0
"1449",20,230,7,0,0
"1450",25,84,8,0,0
"1451",30,56,8,0,0
"1452",35,256,8,0,0
"1453",5,1500,0,0,0
"1454",10,1332,1,0,0
"1455",15,806,3,0,0
"1456",20,506,5,0,0
"1457",25,303,6,0,0
"1458",30,321,6,0,0
"1459",35,345,6,0,0
"1460",40,195,7,0,0
"1461",45,215,7,0,0
"1462",50,207,9,0,0
"1463",55,57,10,0,0
"1464",60,87,10,0,0
"1465",65,87,10,0,0
"1466",70,55,10,0,0
"1467",75,65,10,0,0
"1468",80,90,10,0,0
"1469",85,-26,0,0,0
"1470",5,1500,0,0,1
"1471",10,648,4,0,1
"1472",15,574,4,0,1
"1473",20,234,6,0,1
"1474",25,47,8,0,1
"1475",30,169,9,0,1
"1476",35,235,10,1,1
"1477",40,15,11,2,1
"1478",45,145,11,3,1
"1479",50,263,11,4,1
"1480",55,313,11,6,1
"1481",60,133,11,9,1
"1482",65,283,11,10,1
"1483",70,365,12,10,1
"1484",75,335,13,10,1
"1485",80,310,14,10,1
"1486",85,326,14,10,1
"1487",5,1500,0,0,1
"1488",10,1238,2,0,1
"1489",15,1238,2,0,1
"1490",20,974,3,0,1
"1491",25,906,5,2,1
"1492",30,806,6,4,1
"1493",35,666,7,4,1
"1494",5,1500,0,0,0
"1495",10,1102,2,0,0
"1496",15,902,3,0,0
"1497",20,546,4,0,0
"1498",25,204,7,0,0
"1499",30,104,7,0,0
"1500",35,4,8,0,0
"1501",5,1500,0,0,1
"1502",10,640,4,0,1
"1503",15,290,5,0,1
"1504",20,268,5,0,1
"1505",25,106,6,0,1
"1506",5,1500,0,0,0
"1507",10,980,3,0,0
"1508",15,440,7,0,0
"1509",20,342,8,0,0
"1510",25,14,9,2,0
"1511",5,1500,0,0,1
"1512",10,860,3,0,1
"1513",15,700,4,0,1
"1514",20,250,7,0,1
"1515",25,162,8,0,1
"1516",30,162,8,0,1
"1517",35,262,8,0,1
"1518",5,1500,0,0,0
"1519",10,1140,2,0,0
"1520",15,720,3,0,0
"1521",20,170,5,0,0
"1522",25,218,6,0,0
"1523",30,218,6,0,0
"1524",35,18,7,0,0
"1525",5,1500,0,0,0
"1526",10,920,4,0,0
"1527",15,220,6,0,0
"1528",20,150,7,0,0
"1529",25,168,7,0,0
"1530",30,68,7,0,0
"1531",35,282,7,0,0
"1532",40,258,7,0,0
"1533",45,258,7,0,0
"1534",50,270,7,0,0
"1535",55,230,7,0,0
"1536",60,160,8,0,0
"1537",65,265,8,0,0
"1538",70,25,9,0,0
"1539",75,97,10,0,0
"1540",80,129,10,0,0
"1541",85,79,10,0,0
"1542",90,279,10,0,0
"1543",95,125,11,0,0
"1544",100,291,11,0,0
"1545",105,309,11,0,0
"1546",110,332,11,0,0
"1547",115,212,12,0,0
"1548",120,190,12,0,0
"1549",125,81,12,0,0
"1550",5,1500,0,0,1
"1551",10,820,3,0,1
"1552",15,410,6,0,1
"1553",20,210,7,0,1
"1554",25,252,8,0,1
"1555",30,452,8,0,1
"1556",35,158,10,0,1
"1557",40,382,10,0,1
"1558",45,112,12,1,1
"1559",50,50,12,2,1
"1560",55,90,12,2,1
"1561",60,50,12,3,1
"1562",65,145,12,3,1
"1563",70,65,12,5,1
"1564",75,193,12,6,1
"1565",80,131,13,7,1
"1566",85,181,13,7,1
"1567",90,131,13,8,1
"1568",95,245,13,9,1
"1569",100,179,13,10,1
"1570",105,211,13,12,1
"1571",110,488,13,13,1
"1572",115,198,14,14,1
"1573",120,320,14,15,1
"1574",125,629,14,17,1
"1575",5,1500,0,0,0
"1576",10,1200,1,0,0
"1577",15,806,2,0,0
"1578",20,590,4,0,0
"1579",25,108,6,0,0
"1580",30,272,7,0,0
"1581",35,52,8,0,0
"1582",40,54,8,0,0
"1583",45,230,8,0,0
"1584",50,230,8,0,0
"1585",55,449,8,0,0
"1586",60,461,8,0,0
"1587",65,633,8,0,0
"1588",70,619,8,0,0
"1589",75,793,8,0,0
"1590",80,834,8,0,0
"1591",85,734,8,0,0
"1592",90,930,8,0,0
"1593",95,631,9,0,0
"1594",100,829,9,0,0
"1595",105,815,9,0,0
"1596",110,915,9,0,0
"1597",115,395,11,0,0
"1598",120,545,11,0,0
"1599",125,221,12,0,0
"1600",130,221,12,0,0
"1601",135,221,12,0,0
"1602",140,221,13,0,0
"1603",145,191,13,0,0
"1604",150,412,13,0,0
"1605",155,500,13,0,0
"1606",5,1500,0,0,1
"1607",10,910,3,0,1
"1608",15,624,5,0,1
"1609",20,380,7,0,1
"1610",25,402,7,0,1
"1611",30,58,10,0,1
"1612",35,38,10,0,1
"1613",40,36,10,0,1
"1614",45,60,10,0,1
"1615",50,60,10,0,1
"1616",55,241,10,0,1
"1617",60,159,12,0,1
"1618",65,187,12,0,1
"1619",70,201,12,0,1
"1620",75,127,12,0,1
"1621",80,86,12,0,1
"1622",85,206,13,0,1
"1623",90,210,13,0,1
"1624",95,309,13,0,1
"1625",100,511,13,0,1
"1626",105,525,13,0,1
"1627",110,125,14,2,1
"1628",115,125,14,4,1
"1629",120,75,14,5,1
"1630",125,139,14,7,1
"1631",130,39,14,8,1
"1632",135,239,14,8,1
"1633",140,239,14,8,1
"1634",145,69,14,10,1
"1635",150,48,14,10,1
"1636",155,60,14,11,1
"1637",5,1500,0,0,1
"1638",10,1020,3,0,1
"1639",15,700,5,0,1
"1640",20,916,5,0,1
"1641",25,456,7,0,1
"1642",30,446,9,0,1
"1643",35,246,10,0,1
"1644",40,346,11,0,1
"1645",45,14,12,0,1
"1646",50,214,12,0,1
"1647",55,210,12,0,1
"1648",60,380,13,0,1
"1649",5,1500,0,0,0
"1650",10,1240,2,0,0
"1651",15,1240,2,0,0
"1652",20,724,4,0,0
"1653",25,764,5,0,0
"1654",30,634,6,0,0
"1655",35,834,6,0,0
"1656",40,594,7,0,0
"1657",45,576,7,0,0
"1658",50,176,9,0,0
"1659",55,180,9,0,0
"1660",60,290,9,0,0
"1661",5,1500,0,0,1
"1662",10,1064,2,0,1
"1663",15,1064,3,0,1
"1664",20,424,6,0,1
"1665",25,612,6,0,1
"1666",30,402,8,0,1
"1667",35,182,9,0,1
"1668",40,282,10,0,1
"1669",45,238,10,0,1
"1670",50,238,10,0,1
"1671",55,491,10,0,1
"1672",60,281,11,0,1
"1673",65,497,11,0,1
"1674",70,209,12,1,1
"1675",5,1500,0,0,0
"1676",10,616,4,0,0
"1677",15,216,6,0,0
"1678",20,66,7,0,0
"1679",25,278,7,0,0
"1680",30,128,8,0,0
"1681",35,268,9,0,0
"1682",40,88,10,0,0
"1683",45,332,10,0,0
"1684",50,132,11,0,0
"1685",55,159,12,0,0
"1686",60,109,12,0,0
"1687",65,293,12,0,0
"1688",70,171,12,0,0
"1689",5,1500,0,0,1
"1690",10,1500,0,0,1
"1691",15,1120,2,0,1
"1692",20,954,3,0,1
"1693",25,374,5,0,1
"1694",30,238,7,0,1
"1695",35,406,8,0,1
"1696",40,121,9,0,1
"1697",45,251,10,0,1
"1698",50,191,12,0,1
"1699",55,205,12,1,1
"1700",60,279,13,3,1
"1701",65,301,13,3,1
"1702",5,1500,0,0,0
"1703",10,1180,2,0,0
"1704",15,960,3,0,0
"1705",20,476,5,0,0
"1706",25,146,8,0,0
"1707",30,152,8,0,0
"1708",35,124,8,0,0
"1709",40,149,8,0,0
"1710",45,79,8,0,0
"1711",50,99,9,0,0
"1712",55,35,9,0,0
"1713",60,11,9,0,0
"1714",65,-11,0,0,0
"1715",5,1500,0,0,0
"1716",10,1334,1,0,0
"1717",15,1084,4,0,0
"1718",20,749,5,0,0
"1719",25,778,5,0,0
"1720",30,778,5,0,0
"1721",35,198,7,0,0
"1722",40,198,8,0,0
"1723",45,155,9,0,0
"1724",50,425,9,0,0
"1725",55,127,10,0,0
"1726",60,129,10,0,0
"1727",65,129,10,0,0
"1728",70,143,10,0,0
"1729",75,343,10,0,0
"1730",80,369,10,0,0
"1731",85,319,10,0,0
"1732",90,129,11,0,0
"1733",5,1500,0,0,1
"1734",10,936,3,0,1
"1735",15,736,5,0,1
"1736",20,341,8,0,1
"1737",25,312,8,0,1
"1738",30,122,10,3,1
"1739",35,22,10,5,1
"1740",40,72,10,8,1
"1741",45,205,10,11,1
"1742",50,35,10,13,1
"1743",55,183,10,14,1
"1744",60,131,10,15,1
"1745",65,331,10,15,1
"1746",70,317,10,15,1
"1747",75,317,10,15,1
"1748",80,211,12,15,1
"1749",85,261,12,15,1
"1750",90,251,12,15,1
"1751",5,1500,0,0,1
"1752",10,1040,2,0,1
"1753",15,940,5,0,1
"1754",20,210,9,0,1
"1755",25,30,10,0,1
"1756",30,170,11,1,1
"1757",5,1500,0,0,0
"1758",10,1140,2,0,0
"1759",15,1140,2,0,0
"1760",20,940,3,0,0
"1761",25,170,7,0,0
"1762",30,120,7,0,0
"1763",5,1500,0,0,1
"1764",10,1284,2,0,1
"1765",15,1162,4,0,1
"1766",20,952,5,0,1
"1767",25,952,6,0,1
"1768",30,470,8,0,1
"1769",35,664,8,0,1
"1770",40,864,8,0,1
"1771",45,608,9,0,1
"1772",50,504,10,0,1
"1773",55,160,11,0,1
"1774",60,160,11,0,1
"1775",65,304,13,4,1
"1776",5,1500,0,0,0
"1777",10,1346,2,0,0
"1778",15,628,6,0,0
"1779",20,498,7,0,0
"1780",25,598,7,0,0
"1781",30,580,7,0,0
"1782",35,436,8,0,0
"1783",40,96,10,0,0
"1784",45,112,10,0,0
"1785",50,296,10,0,0
"1786",55,230,11,0,0
"1787",60,330,11,0,0
"1788",65,6,11,0,0
"1789",5,1500,0,0,1
"1790",10,1354,1,0,1
"1791",15,504,4,0,1
"1792",20,662,5,0,1
"1793",25,450,6,0,1
"1794",30,250,7,0,1
"1795",35,108,8,0,1
"1796",40,326,8,0,1
"1797",45,308,8,0,1
"1798",50,128,9,0,1
"1799",55,128,9,0,1
"1800",60,132,9,0,1
"1801",65,114,11,2,1
"1802",5,1500,0,0,0
"1803",10,1026,3,0,0
"1804",15,1026,3,0,0
"1805",20,468,5,0,0
"1806",25,480,5,0,0
"1807",30,380,6,0,0
"1808",35,82,7,0,0
"1809",40,114,8,0,0
"1810",45,132,8,0,0
"1811",50,132,8,0,0
"1812",55,132,8,0,0
"1813",60,128,8,0,0
"1814",65,46,8,0,0
"1815",5,1500,0,0,1
"1816",10,1488,0,0,1
"1817",15,1318,2,0,1
"1818",20,1126,3,0,1
"1819",25,1004,5,0,1
"1820",30,598,7,0,1
"1821",35,450,9,0,1
"1822",40,410,9,0,1
"1823",45,98,11,0,1
"1824",50,63,11,0,1
"1825",55,245,11,0,1
"1826",60,531,11,0,1
"1827",65,351,12,0,1
"1828",70,483,12,0,1
"1829",75,485,13,0,1
"1830",80,465,13,0,1
"1831",85,637,13,0,1
"1832",90,737,13,0,1
"1833",95,807,13,0,1
"1834",100,893,13,0,1
"1835",105,693,14,0,1
"1836",110,533,15,1,1
"1837",115,551,15,1,1
"1838",120,567,15,1,1
"1839",125,745,15,1,1
"1840",130,877,15,2,1
"1841",5,1500,0,0,0
"1842",10,852,3,0,0
"1843",15,642,5,0,0
"1844",20,124,8,0,0
"1845",25,246,8,0,0
"1846",30,332,9,0,0
"1847",35,180,10,0,0
"1848",40,220,10,0,0
"1849",45,212,10,0,0
"1850",50,247,10,0,0
"1851",55,265,10,0,0
"1852",60,179,10,0,0
"1853",65,79,10,0,0
"1854",70,147,10,0,0
"1855",75,345,10,0,0
"1856",80,105,11,0,0
"1857",85,333,11,0,0
"1858",90,113,12,0,0
"1859",95,243,12,0,0
"1860",100,157,12,0,0
"1861",105,257,12,0,0
"1862",110,77,12,0,0
"1863",115,59,12,0,0
"1864",120,43,12,0,0
"1865",125,65,12,0,0
"1866",130,-67,0,0,0
"1867",5,1500,0,0,1
"1868",10,1080,3,0,1
"1869",15,990,5,0,1
"1870",20,270,8,3,1
"1871",25,224,8,4,1
"1872",30,116,9,5,1
"1873",5,1500,0,0,0
"1874",10,1300,1,0,0
"1875",15,690,3,0,0
"1876",20,240,4,0,0
"1877",25,186,4,0,0
"1878",30,94,4,0,0
"1879",5,1500,0,0,1
"1880",10,1280,1,0,1
"1881",15,1280,1,0,1
"1882",20,904,3,0,1
"1883",25,722,4,0,1
"1884",30,92,7,0,1
"1885",35,78,7,0,1
"1886",5,1500,0,0,0
"1887",10,940,3,0,0
"1888",15,300,7,0,0
"1889",20,516,7,0,0
"1890",25,378,8,0,0
"1891",30,218,9,0,0
"1892",35,32,12,1,0
"1893",5,1500,0,0,0
"1894",10,1204,2,0,0
"1895",15,1382,2,0,0
"1896",20,1112,3,0,0
"1897",25,1026,5,0,0
"1898",30,786,7,0,0
"1899",35,630,8,0,0
"1900",40,522,8,0,0
"1901",45,502,9,0,0
"1902",50,226,10,0,0
"1903",55,228,11,0,0
"1904",60,404,11,0,0
"1905",65,324,12,0,0
"1906",70,548,12,0,0
"1907",75,722,13,0,0
"1908",80,600,14,0,0
"1909",85,606,14,0,0
"1910",90,606,14,0,0
"1911",95,584,14,0,0
"1912",100,256,15,0,0
"1913",105,468,15,0,0
"1914",5,1500,0,0,1
"1915",10,936,3,0,1
"1916",15,758,5,0,1
"1917",20,748,5,0,1
"1918",25,774,5,0,1
"1919",30,774,5,0,1
"1920",35,890,6,0,1
"1921",40,898,6,0,1
"1922",45,798,7,0,1
"1923",50,604,9,0,1
"1924",55,602,9,0,1
"1925",60,626,9,0,1
"1926",65,526,9,0,1
"1927",70,702,9,0,1
"1928",75,528,9,0,1
"1929",80,210,10,0,1
"1930",85,104,11,4,1
"1931",90,154,11,7,1
"1932",95,276,11,9,1
"1933",100,254,11,13,1
"1934",105,42,12,14,1
"1935",5,1500,0,0,0
"1936",10,770,4,0,0
"1937",15,636,5,0,0
"1938",20,96,7,0,0
"1939",25,102,7,0,0
"1940",30,202,7,0,0
"1941",35,216,7,0,0
"1942",40,400,7,0,0
"1943",45,142,8,0,0
"1944",50,170,8,0,0
"1945",55,234,8,0,0
"1946",60,214,8,0,0
"1947",65,242,8,0,0
"1948",70,54,9,1,0
"1949",75,54,9,2,0
"1950",80,248,9,4,0
"1951",5,1500,0,0,1
"1952",10,1160,2,0,1
"1953",15,614,4,0,1
"1954",20,474,6,0,1
"1955",25,268,7,0,1
"1956",30,468,7,0,1
"1957",35,54,9,0,1
"1958",40,270,9,0,1
"1959",45,48,10,0,1
"1960",50,120,11,0,1
"1961",55,256,11,0,1
"1962",60,376,11,0,1
"1963",65,348,11,0,1
"1964",70,306,12,0,1
"1965",75,156,12,0,1
"1966",80,62,12,0,1
"1967",5,1500,0,0,1
"1968",10,1132,2,0,1
"1969",15,612,5,0,1
"1970",20,392,6,0,1
"1971",25,212,7,0,1
"1972",30,187,7,0,1
"1973",35,235,8,0,1
"1974",40,235,8,0,1
"1975",45,195,10,0,1
"1976",50,160,10,1,1
"1977",55,34,12,2,1
"1978",5,1500,0,0,0
"1979",10,1468,0,0,0
"1980",15,1118,1,0,0
"1981",20,968,2,0,0
"1982",25,448,4,0,0
"1983",30,413,6,0,0
"1984",35,465,6,0,0
"1985",40,85,8,0,0
"1986",45,85,8,0,0
"1987",50,20,8,0,0
"1988",55,46,9,0,0
"1989",5,1500,0,0,0
"1990",10,1200,2,0,0
"1991",15,638,4,0,0
"1992",20,238,5,0,0
"1993",25,118,6,0,0
"1994",30,106,7,0,0
"1995",35,264,8,0,0
"1996",40,264,8,0,0
"1997",45,114,9,0,0
"1998",50,114,9,0,0
"1999",5,1500,0,0,1
"2000",10,920,3,0,1
"2001",15,542,4,0,1
"2002",20,222,7,0,1
"2003",25,262,8,0,1
"2004",30,254,9,0,1
"2005",35,236,9,0,1
"2006",40,176,11,0,1
"2007",45,126,11,0,1
"2008",50,326,11,0,1
"2009",5,1500,0,0,1
"2010",10,1328,1,0,1
"2011",15,968,4,0,1
"2012",20,936,4,0,1
"2013",25,910,5,0,1
"2014",30,678,6,0,1
"2015",35,652,7,0,1
"2016",40,432,8,0,1
"2017",45,228,9,0,1
"2018",50,428,9,0,1
"2019",5,1500,0,0,0
"2020",10,1102,3,0,0
"2021",15,1102,3,0,0
"2022",20,374,6,0,0
"2023",25,110,8,0,0
"2024",30,142,8,0,0
"2025",35,168,8,0,0
"2026",40,18,9,0,0
"2027",45,22,9,0,0
"2028",50,-78,0,0,0
"2029",5,1500,0,0,0
"2030",10,790,3,0,0
"2031",15,950,4,0,0
"2032",20,430,6,0,0
"2033",25,430,6,0,0
"2034",30,184,8,0,0
"2035",35,184,8,0,0
"2036",40,224,9,0,0
"2037",45,6,10,0,0
"2038",50,64,11,0,0
"2039",55,14,11,0,0
"2040",60,-36,0,0,0
"2041",5,1500,0,0,1
"2042",10,1400,1,0,1
"2043",15,1180,2,0,1
"2044",20,980,3,0,1
"2045",25,620,6,0,1
"2046",30,446,7,0,1
"2047",35,446,7,0,1
"2048",40,546,8,0,1
"2049",45,414,9,0,1
"2050",50,416,9,0,1
"2051",55,366,9,0,1
"2052",60,416,9,0,1
"2053",5,1500,0,0,1
"2054",10,1342,1,0,1
"2055",15,742,5,0,1
"2056",20,717,5,0,1
"2057",25,457,7,0,1
"2058",30,257,8,0,1
"2059",35,365,9,0,1
"2060",40,365,9,0,1
"2061",45,165,10,0,1
"2062",5,1500,0,0,0
"2063",10,718,4,0,0
"2064",15,908,4,0,0
"2065",20,533,5,0,0
"2066",25,403,6,0,0
"2067",30,183,7,0,0
"2068",35,415,7,0,0
"2069",40,15,9,0,0
"2070",45,15,9,0,0
"2071",5,1500,0,0,0
"2072",10,1000,2,0,0
"2073",15,886,3,0,0
"2074",20,64,7,0,0
"2075",25,78,7,0,0
"2076",30,193,8,0,0
"2077",35,425,8,0,0
"2078",40,-3,0,0,0
"2079",5,1500,0,0,1
"2080",10,1140,2,0,1
"2081",15,454,4,0,1
"2082",20,506,5,0,1
"2083",25,492,5,0,1
"2084",30,197,7,0,1
"2085",35,105,9,0,1
"2086",40,213,9,0,1
"2087",5,1500,0,0,1
"2088",10,880,3,0,1
"2089",15,782,5,0,1
"2090",20,312,7,0,1
"2091",5,1500,0,0,0
"2092",10,1320,1,0,0
"2093",15,598,4,0,0
"2094",20,378,5,0,0
"2095",5,1500,0,0,0
"2096",10,960,3,0,0
"2097",15,654,4,0,0
"2098",20,154,6,0,0
"2099",25,160,8,0,0
"2100",30,0,9,0,0
"2101",35,80,10,0,0
"2102",40,58,10,0,0
"2103",45,58,11,0,0
"2104",5,1500,0,0,1
"2105",10,1260,2,0,1
"2106",15,716,4,0,1
"2107",20,716,5,0,1
"2108",25,450,7,0,1
"2109",30,250,8,0,1
"2110",35,250,8,0,1
"2111",40,52,9,0,1
"2112",45,252,9,0,1
"2113",5,1500,0,0,0
"2114",10,1060,3,0,0
"2115",15,600,5,0,0
"2116",20,216,7,0,0
"2117",25,216,7,0,0
"2118",30,76,8,0,0
"2119",35,286,8,0,0
"2120",40,216,8,0,0
"2121",45,402,8,0,0
"2122",50,112,9,0,0
"2123",55,198,9,0,0
"2124",60,418,9,0,0
"2125",65,198,10,0,0
"2126",70,282,11,0,0
"2127",75,82,12,0,0
"2128",5,1500,0,0,1
"2129",10,1100,3,0,1
"2130",15,880,4,0,1
"2131",20,864,4,0,1
"2132",25,704,7,0,1
"2133",30,524,8,0,1
"2134",35,234,9,0,1
"2135",40,304,9,0,1
"2136",45,118,10,0,1
"2137",50,68,10,0,1
"2138",55,282,10,0,1
"2139",60,262,10,0,1
"2140",65,262,10,0,1
"2141",70,278,10,0,1
"2142",75,278,10,0,1
"2143",5,1500,0,0,1
"2144",10,874,4,0,1
"2145",15,502,6,0,1
"2146",20,190,8,0,1
"2147",25,190,8,0,1
"2148",30,190,8,0,1
"2149",35,68,9,0,1
"2150",40,70,10,0,1
"2151",45,270,10,0,1
"2152",50,302,11,0,1
"2153",5,1500,0,0,0
"2154",10,1246,2,0,0
"2155",15,1118,4,0,0
"2156",20,870,6,0,0
"2157",25,390,8,0,0
"2158",30,390,8,0,0
"2159",35,52,9,0,0
"2160",40,250,9,0,0
"2161",45,50,9,0,0
"2162",50,68,9,0,0
"2163",5,1500,0,0,1
"2164",10,885,4,0,1
"2165",15,435,6,0,1
"2166",20,415,8,0,1
"2167",25,105,9,0,1
"2168",30,313,9,0,1
"2169",35,349,9,0,1
"2170",40,461,10,3,1
"2171",45,491,11,4,1
"2172",50,617,12,5,1
"2173",55,467,13,6,1
"2174",60,643,13,7,1
"2175",65,569,14,10,1
"2176",70,329,15,11,1
"2177",75,303,15,12,1
"2178",80,403,15,12,1
"2179",85,295,15,13,1
"2180",90,521,15,13,1
"2181",95,569,15,14,1
"2182",5,1500,0,0,0
"2183",10,1275,1,0,0
"2184",15,905,3,0,0
"2185",20,685,5,0,0
"2186",25,495,6,0,0
"2187",30,687,6,0,0
"2188",35,161,8,0,0
"2189",40,39,8,0,0
"2190",45,179,8,0,0
"2191",50,103,8,0,0
"2192",55,3,9,0,0
"2193",60,177,9,0,0
"2194",65,1,9,0,0
"2195",70,111,9,0,0
"2196",75,87,9,0,0
"2197",80,187,9,0,0
"2198",85,45,10,0,0
"2199",90,19,10,0,0
"2200",95,121,10,0,0
"2201",5,1500,0,0,0
"2202",10,1300,1,0,0
"2203",15,854,3,0,0
"2204",20,577,4,0,0
"2205",25,141,7,1,0
"2206",30,351,7,1,0
"2207",35,-89,0,0,0
"2208",5,1500,0,0,1
"2209",10,890,4,0,1
"2210",15,936,6,0,1
"2211",20,213,9,0,1
"2212",25,279,9,0,1
"2213",30,209,10,0,1
"2214",35,59,10,0,1
"2215",5,1500,0,0,0
"2216",10,840,3,0,0
"2217",15,540,6,0,0
"2218",20,480,6,0,0
"2219",25,260,7,0,0
"2220",30,460,7,0,0
"2221",35,220,8,0,0
"2222",40,298,9,0,0
"2223",45,98,10,0,0
"2224",50,320,10,0,0
"2225",55,30,11,0,0
"2226",60,80,11,0,0
"2227",65,230,11,0,0
"2228",70,392,11,0,0
"2229",75,162,12,1,0
"2230",80,432,12,2,0
"2231",85,300,14,3,0
"2232",90,280,14,3,0
"2233",95,478,14,4,0
"2234",5,1500,0,0,1
"2235",10,1120,2,0,1
"2236",15,940,3,0,1
"2237",20,1000,4,0,1
"2238",25,560,6,1,1
"2239",30,200,8,3,1
"2240",35,40,9,3,1
"2241",40,42,10,4,1
"2242",45,92,10,4,1
"2243",50,170,10,5,1
"2244",55,100,10,6,1
"2245",60,250,10,6,1
"2246",65,100,10,8,1
"2247",70,238,10,9,1
"2248",75,38,10,9,1
"2249",80,18,10,9,1
"2250",85,50,10,9,1
"2251",90,70,10,9,1
"2252",95,22,10,10,1
"2253",5,1500,0,0,0
"2254",10,1000,3,0,0
"2255",15,740,5,0,0
"2256",20,500,7,0,0
"2257",25,-34,0,0,0
"2258",5,1500,0,0,1
"2259",10,1050,3,0,1
"2260",15,420,6,0,1
"2261",20,40,8,0,1
"2262",25,234,8,0,1
"2263",5,1500,0,0,1
"2264",10,1300,1,0,1
"2265",15,1300,1,0,1
"2266",20,1500,1,0,1
"2267",25,1690,1,0,1
"2268",30,1670,1,0,1
"2269",35,1762,1,0,1
"2270",40,1542,2,0,1
"2271",45,1528,2,0,1
"2272",50,1714,2,0,1
"2273",55,1914,2,0,1
"2274",5,1500,0,0,0
"2275",10,880,4,0,0
"2276",15,320,6,0,0
"2277",20,20,9,2,0
"2278",25,30,9,2,0
"2279",30,50,9,2,0
"2280",35,58,9,2,0
"2281",40,8,9,3,0
"2282",45,32,10,4,0
"2283",50,46,10,4,0
"2284",55,-54,0,0,0
"2285",5,1500,0,0,1
"2286",10,1300,0,0,1
"2287",15,1134,1,0,1
"2288",20,1154,2,0,1
"2289",25,914,3,0,1
"2290",5,1500,0,0,0
"2291",10,1010,3,0,0
"2292",15,236,6,0,0
"2293",20,236,8,0,0
"2294",25,36,9,0,0
"2295",5,1500,0,0,1
"2296",10,1280,1,0,1
"2297",15,1280,1,0,1
"2298",20,1280,2,0,1
"2299",25,1268,2,0,1
"2300",30,1136,3,0,1
"2301",35,1136,3,0,1
"2302",5,1500,0,0,0
"2303",10,940,3,0,0
"2304",15,380,7,0,0
"2305",20,60,9,0,0
"2306",25,22,9,1,0
"2307",30,124,10,2,0
"2308",35,24,10,4,0
"2309",5,1500,0,0,1
"2310",10,1200,2,0,1
"2311",15,1300,2,0,1
"2312",20,1294,2,0,1
"2313",25,1384,2,0,1
"2314",30,1384,2,0,1
"2315",35,1564,2,0,1
"2316",40,1746,2,0,1
"2317",45,1746,2,0,1
"2318",50,1940,2,0,1
"2319",55,1926,2,0,1
"2320",60,2153,2,0,1
"2321",65,2153,2,0,1
"2322",70,2259,2,0,1
"2323",75,2453,2,0,1
"2324",5,1500,0,0,0
"2325",10,1000,3,0,0
"2326",15,440,8,0,0
"2327",20,226,9,0,0
"2328",25,76,10,0,0
"2329",30,276,10,0,0
"2330",35,336,11,2,0
"2331",40,24,12,3,0
"2332",45,224,12,3,0
"2333",50,130,12,5,0
"2334",55,44,12,7,0
"2335",60,17,12,7,0
"2336",65,17,13,7,0
"2337",70,61,13,8,0
"2338",75,17,13,9,0
"2339",5,1500,0,0,1
"2340",10,1500,0,0,1
"2341",15,1475,0,0,1
"2342",20,1475,0,0,1
"2343",25,1635,0,0,1
"2344",30,1807,0,0,1
"2345",5,1500,0,0,0
"2346",10,900,4,0,0
"2347",15,125,8,1,0
"2348",20,125,8,1,0
"2349",25,65,8,3,0
"2350",30,-57,0,0,0
"2351",5,1500,0,0,1
"2352",10,1200,2,0,1
"2353",15,500,4,0,1
"2354",20,468,6,0,1
"2355",25,322,6,0,1
"2356",30,372,7,0,1
"2357",35,252,8,2,1
"2358",40,112,9,2,1
"2359",45,92,9,3,1
"2360",50,106,9,4,1
"2361",55,4,9,5,1
"2362",5,1500,0,0,0
"2363",10,1080,2,0,0
"2364",15,816,3,0,0
"2365",20,398,7,0,0
"2366",25,284,8,0,0
"2367",30,74,9,0,0
"2368",35,128,10,0,0
"2369",40,38,10,1,0
"2370",45,158,10,2,0
"2371",50,44,10,3,0
"2372",55,96,10,5,0
"2373",5,1500,0,0,1
"2374",10,1122,2,0,1
"2375",15,1122,2,0,1
"2376",20,996,3,0,1
"2377",25,832,4,0,1
"2378",30,282,6,0,1
"2379",35,316,7,0,1
"2380",40,326,7,0,1
"2381",45,334,7,0,1
"2382",50,406,8,0,1
"2383",55,356,8,0,1
"2384",60,310,9,0,1
"2385",65,538,9,0,1
"2386",70,538,9,0,1
"2387",5,1500,0,0,0
"2388",10,1198,2,0,0
"2389",15,1198,2,0,0
"2390",20,1204,2,0,0
"2391",25,698,4,0,0
"2392",30,498,5,0,0
"2393",35,164,7,0,0
"2394",40,74,8,0,0
"2395",45,26,10,0,0
"2396",50,134,10,1,0
"2397",55,84,10,4,0
"2398",60,90,10,4,0
"2399",65,62,10,4,0
"2400",70,62,11,5,0
"2401",5,1500,0,0,1
"2402",10,1486,0,0,1
"2403",15,1486,1,0,1
"2404",20,1480,2,0,1
"2405",25,1268,3,0,1
"2406",30,1268,3,0,1
"2407",35,1268,4,0,1
"2408",40,1268,4,0,1
"2409",45,1456,4,0,1
"2410",50,1356,4,0,1
"2411",5,1500,0,0,0
"2412",10,594,5,0,0
"2413",15,114,7,0,0
"2414",20,110,9,0,0
"2415",25,122,9,0,0
"2416",30,122,9,0,0
"2417",35,12,11,1,0
"2418",40,12,11,1,0
"2419",45,24,11,1,0
"2420",50,24,11,1,0
"2421",5,1500,0,0,1
"2422",10,1500,0,0,1
"2423",15,1700,0,0,1
"2424",20,1700,0,0,1
"2425",5,1500,0,0,0
"2426",10,430,6,0,0
"2427",15,90,8,0,0
"2428",20,90,8,0,0
"2429",5,1500,0,0,0
"2430",10,1325,1,0,0
"2431",15,1225,1,0,0
"2432",20,1388,1,0,0
"2433",25,1588,1,0,0
"2434",30,1560,1,0,0
"2435",35,1760,1,0,0
"2436",40,1760,1,0,0
"2437",45,1736,1,0,0
"2438",50,1736,1,0,0
"2439",55,1932,1,0,0
"2440",60,2052,1,0,0
"2441",65,2152,1,0,0
"2442",70,2136,1,0,0
"2443",75,2320,1,0,0
"2444",80,2120,1,0,0
"2445",85,2092,1,0,0
"2446",90,1882,1,0,0
"2447",95,1864,1,0,0
"2448",100,1646,1,0,0
"2449",105,1812,1,0,0
"2450",110,1594,1,0,0
"2451",115,1614,1,0,0
"2452",120,1576,1,0,0
"2453",125,1476,1,0,0
"2454",130,960,1,0,0
"2455",135,890,1,0,0
"2456",140,890,1,0,0
"2457",145,776,1,0,0
"2458",5,1500,0,0,1
"2459",10,945,3,0,1
"2460",15,255,6,0,1
"2461",20,92,7,0,1
"2462",25,32,9,0,1
"2463",30,260,9,0,1
"2464",35,20,11,0,1
"2465",40,20,11,0,1
"2466",45,44,11,0,1
"2467",50,44,11,0,1
"2468",55,48,11,0,1
"2469",60,328,11,0,1
"2470",65,28,13,0,1
"2471",70,44,14,0,1
"2472",75,60,14,0,1
"2473",80,260,14,0,1
"2474",85,68,15,0,1
"2475",90,178,15,0,1
"2476",95,156,16,1,1
"2477",100,94,17,2,1
"2478",105,108,18,3,1
"2479",110,226,18,6,1
"2480",115,306,18,7,1
"2481",120,144,18,8,1
"2482",125,244,18,9,1
"2483",130,630,19,11,1
"2484",135,140,21,13,1
"2485",140,140,21,16,1
"2486",145,354,21,17,1
"2487",5,1500,0,0,1
"2488",10,1500,0,0,1
"2489",15,1400,0,0,1
"2490",20,1480,0,0,1
"2491",25,1564,0,0,1
"2492",30,1484,0,0,1
"2493",35,1284,2,0,1
"2494",40,1194,2,0,1
"2495",45,1374,2,0,1
"2496",50,1374,2,0,1
"2497",5,1500,0,0,0
"2498",10,920,3,0,0
"2499",15,190,6,0,0
"2500",20,20,9,0,0
"2501",25,36,9,0,0
"2502",30,116,9,0,0
"2503",35,256,10,0,0
"2504",40,86,11,1,0
"2505",45,106,11,1,0
"2506",50,6,11,2,0
"2507",5,1500,0,0,1
"2508",10,1500,0,0,1
"2509",15,1400,0,0,1
"2510",20,1600,0,0,1
"2511",25,1600,0,0,1
"2512",5,1500,0,0,0
"2513",10,740,4,0,0
"2514",15,490,6,0,0
"2515",20,30,8,0,0
"2516",25,30,8,0,0
"2517",5,1500,0,0,1
"2518",10,1320,1,0,1
"2519",15,1320,1,0,1
"2520",20,900,3,0,1
"2521",25,790,4,0,1
"2522",30,778,4,0,1
"2523",35,926,4,0,1
"2524",40,908,4,0,1
"2525",5,1500,0,0,0
"2526",10,780,3,0,0
"2527",15,500,5,0,0
"2528",20,20,8,0,0
"2529",25,50,10,0,0
"2530",30,142,11,0,0
"2531",35,394,11,0,0
"2532",40,-88,0,0,0
"2533",5,1500,0,0,1
"2534",10,1300,1,0,1
"2535",15,1300,1,0,1
"2536",20,1440,2,0,1
"2537",25,1449,2,0,1
"2538",5,1500,0,0,0
"2539",10,915,3,0,0
"2540",15,615,5,0,0
"2541",20,89,8,0,0
"2542",25,80,8,0,0
"2543",5,1500,0,0,1
"2544",10,1100,2,0,1
"2545",15,1100,2,0,1
"2546",20,1100,2,0,1
"2547",25,1312,2,0,1
"2548",30,1052,4,0,1
"2549",35,1278,4,0,1
"2550",5,1500,0,0,0
"2551",10,980,4,0,0
"2552",15,640,6,0,0
"2553",20,120,8,0,0
"2554",25,158,9,0,0
"2555",30,8,10,0,0
"2556",35,-18,0,0,0
"2557",5,1500,0,0,1
"2558",10,1300,1,0,1
"2559",15,1100,2,0,1
"2560",20,920,3,0,1
"2561",25,920,3,0,1
"2562",30,680,4,0,1
"2563",35,306,5,0,1
"2564",40,256,5,0,1
"2565",45,256,5,0,1
"2566",50,126,5,0,1
"2567",5,1500,0,0,0
"2568",10,610,6,0,0
"2569",15,600,8,0,0
"2570",20,40,11,0,0
"2571",25,240,11,0,0
"2572",30,200,12,1,0
"2573",35,164,13,3,0
"2574",40,164,13,4,0
"2575",45,264,13,5,0
"2576",50,14,14,6,0
"2577",5,1500,0,0,0
"2578",10,1360,1,0,0
"2579",15,1315,2,0,0
"2580",20,1295,2,0,0
"2581",25,1073,3,0,0
"2582",30,1148,3,0,0
"2583",35,1148,3,0,0
"2584",40,1342,3,0,0
"2585",45,1027,4,0,0
"2586",50,797,5,0,0
"2587",55,753,5,0,0
"2588",60,922,5,0,0
"2589",65,806,6,0,0
"2590",70,606,6,0,0
"2591",75,802,6,0,0
"2592",80,800,6,0,0
"2593",85,780,6,0,0
"2594",90,653,6,0,0
"2595",95,491,6,0,0
"2596",100,297,6,0,0
"2597",105,293,6,0,0
"2598",110,223,6,0,0
"2599",115,153,6,0,0
"2600",120,263,6,0,0
"2601",5,1500,0,0,1
"2602",10,280,7,0,1
"2603",15,125,8,0,1
"2604",20,345,8,0,1
"2605",25,107,9,0,1
"2606",30,192,10,0,1
"2607",35,92,12,0,1
"2608",40,98,13,0,1
"2609",45,133,13,0,1
"2610",50,143,13,0,1
"2611",55,237,14,0,1
"2612",60,268,14,0,1
"2613",65,304,16,0,1
"2614",70,404,17,0,1
"2615",75,248,18,2,1
"2616",80,250,18,4,1
"2617",85,250,19,6,1
"2618",90,127,19,11,1
"2619",95,439,19,12,1
"2620",100,533,19,14,1
"2621",105,737,19,14,1
"2622",110,557,20,17,1
"2623",115,457,21,18,1
"2624",120,347,21,19,1
"2625",5,1500,0,0,1
"2626",10,1140,2,0,1
"2627",15,630,4,0,1
"2628",20,211,6,0,1
"2629",25,201,7,0,1
"2630",30,233,7,0,1
"2631",35,401,7,0,1
"2632",40,533,7,0,1
"2633",45,385,8,0,1
"2634",50,385,8,0,1
"2635",5,1500,0,0,0
"2636",10,1040,3,0,0
"2637",15,890,5,0,0
"2638",20,729,6,0,0
"2639",25,619,7,0,0
"2640",30,367,9,2,0
"2641",35,219,10,6,0
"2642",40,57,11,7,0
"2643",45,45,12,9,0
"2644",50,-55,0,0,0
"2645",5,1500,0,0,1
"2646",10,1280,1,0,1
"2647",15,1458,1,0,1
"2648",20,1448,1,0,1
"2649",25,1376,2,0,1
"2650",30,1176,3,0,1
"2651",35,1062,3,0,1
"2652",40,1122,4,0,1
"2653",45,1282,4,0,1
"2654",50,844,6,0,1
"2655",55,1014,6,0,1
"2656",60,1014,6,0,1
"2657",65,1000,6,0,1
"2658",70,964,7,0,1
"2659",75,970,8,0,1
"2660",80,970,8,0,1
"2661",85,984,8,0,1
"2662",90,1020,8,0,1
"2663",95,1000,9,0,1
"2664",100,718,9,1,1
"2665",105,368,9,4,1
"2666",110,572,9,4,1
"2667",5,1500,0,0,0
"2668",10,810,4,0,0
"2669",15,302,7,0,0
"2670",20,192,8,0,0
"2671",25,54,10,1,0
"2672",30,4,10,2,0
"2673",35,18,10,2,0
"2674",40,18,10,2,0
"2675",45,58,10,2,0
"2676",50,36,10,2,0
"2677",55,66,10,2,0
"2678",60,116,10,5,0
"2679",65,130,10,5,0
"2680",70,106,10,7,0
"2681",75,10,10,8,0
"2682",80,160,10,9,0
"2683",85,46,10,11,0
"2684",90,0,11,14,0
"2685",95,0,11,14,0
"2686",100,382,11,17,0
"2687",105,82,13,17,0
"2688",110,278,13,17,0
"2689",5,1500,0,0,1
"2690",10,1500,0,0,1
"2691",15,1700,0,0,1
"2692",20,1657,0,0,1
"2693",25,1657,0,0,1
"2694",30,1707,1,0,1
"2695",5,1500,0,0,0
"2696",10,430,6,0,0
"2697",15,80,10,1,0
"2698",20,23,10,3,0
"2699",25,223,10,3,0
"2700",30,43,11,3,0
"2701",5,1500,0,0,0
"2702",10,1350,1,0,0
"2703",15,1250,2,0,0
"2704",20,1250,2,0,0
"2705",25,1400,2,0,0
"2706",30,1400,2,0,0
"2707",35,1594,2,0,0
"2708",40,1594,2,0,0
"2709",45,1644,3,0,0
"2710",50,1644,3,0,0
"2711",55,1778,3,0,0
"2712",60,1760,3,0,0
"2713",65,2064,3,0,0
"2714",70,2114,3,0,0
"2715",75,2264,3,0,0
"2716",80,2246,3,0,0
"2717",85,2246,3,0,0
"2718",90,2246,3,0,0
"2719",95,2416,3,0,0
"2720",100,2266,3,0,0
"2721",105,2376,3,0,0
"2722",110,2412,3,0,0
"2723",115,2530,3,0,0
"2724",120,1930,3,0,0
"2725",125,2082,3,0,0
"2726",130,1632,3,0,0
"2727",135,1632,3,0,0
"2728",140,1742,3,0,0
"2729",145,1552,4,0,0
"2730",150,1502,4,0,0
"2731",155,1002,4,0,0
"2732",160,355,4,0,0
"2733",165,333,4,0,0
"2734",170,183,4,0,0
"2735",175,101,4,0,0
"2736",5,1500,0,0,1
"2737",10,800,4,0,1
"2738",15,320,7,0,1
"2739",20,160,8,0,1
"2740",25,150,9,0,1
"2741",30,170,10,0,1
"2742",35,376,10,0,1
"2743",40,36,11,2,1
"2744",45,86,12,3,1
"2745",50,86,12,3,1
"2746",55,152,12,3,1
"2747",60,100,13,5,1
"2748",65,96,13,6,1
"2749",70,96,13,8,1
"2750",75,236,14,9,1
"2751",80,24,15,10,1
"2752",85,24,15,10,1
"2753",90,224,15,13,1
"2754",95,154,15,14,1
"2755",100,14,16,17,1
"2756",105,254,16,18,1
"2757",110,118,16,20,1
"2758",115,150,16,21,1
"2759",120,700,16,22,1
"2760",125,448,17,22,1
"2761",130,148,19,25,1
"2762",135,198,19,27,1
"2763",140,88,19,30,1
"2764",145,28,19,30,1
"2765",150,178,19,32,1
"2766",155,678,19,34,1
"2767",160,805,21,36,1
"2768",165,157,22,38,1
"2769",170,257,22,40,1
"2770",175,239,22,41,1
"2771",5,1500,0,0,1
"2772",10,1300,1,0,1
"2773",15,1282,1,0,1
"2774",20,1282,1,0,1
"2775",25,862,3,0,1
"2776",30,426,4,0,1
"2777",5,1500,0,0,0
"2778",10,1200,3,0,0
"2779",15,238,7,0,0
"2780",20,78,9,2,0
"2781",25,28,9,3,0
"2782",30,64,10,4,0
"2783",5,1500,0,0,1
"2784",10,1280,1,0,1
"2785",15,1480,1,0,1
"2786",20,1470,1,0,1
"2787",25,1662,1,0,1
"2788",30,1662,1,0,1
"2789",35,1422,2,0,1
"2790",40,1422,2,0,1
"2791",45,1242,3,0,1
"2792",50,1142,3,0,1
"2793",55,898,4,2,1
"2794",5,1500,0,0,0
"2795",10,1030,3,0,0
"2796",15,300,6,0,0
"2797",20,170,7,0,0
"2798",25,118,8,0,0
"2799",30,118,8,0,0
"2800",35,158,9,0,0
"2801",40,158,10,0,0
"2802",45,98,11,0,0
"2803",50,98,11,0,0
"2804",55,22,11,0,0
"2805",5,1500,0,0,0
"2806",10,1320,1,0,0
"2807",15,1514,1,0,0
"2808",20,1244,2,0,0
"2809",25,1244,2,0,0
"2810",30,1444,2,0,0
"2811",35,1244,3,0,0
"2812",40,1124,4,0,0
"2813",45,1148,4,0,0
"2814",50,1166,4,0,0
"2815",55,1066,4,0,0
"2816",60,1022,4,0,0
"2817",65,1022,4,0,0
"2818",70,822,4,0,0
"2819",75,742,4,0,0
"2820",80,742,4,0,0
"2821",85,572,5,0,0
"2822",90,572,5,0,0
"2823",95,450,5,1,0
"2824",100,450,5,1,0
"2825",105,520,5,2,0
"2826",110,310,5,2,0
"2827",115,210,5,2,0
"2828",5,1500,0,0,1
"2829",10,710,5,0,1
"2830",15,106,7,0,1
"2831",20,56,7,0,1
"2832",25,56,8,0,1
"2833",30,196,9,0,1
"2834",35,36,10,0,1
"2835",40,216,10,0,1
"2836",45,102,12,0,1
"2837",50,84,12,0,1
"2838",55,184,12,2,1
"2839",60,28,12,4,1
"2840",65,168,13,5,1
"2841",70,168,13,8,1
"2842",75,298,13,10,1
"2843",80,78,14,10,1
"2844",85,68,14,10,1
"2845",90,68,14,10,1
"2846",95,90,14,10,1
"2847",100,40,14,11,1
"2848",105,70,14,12,1
"2849",110,80,14,14,1
"2850",115,280,14,15,1
"2851",5,1500,0,0,0
"2852",10,1200,1,0,0
"2853",15,1190,3,0,0
"2854",20,544,6,0,0
"2855",25,732,6,0,0
"2856",30,474,7,0,0
"2857",35,689,7,0,0
"2858",40,363,9,0,0
"2859",45,279,9,0,0
"2860",50,331,10,0,0
"2861",55,335,10,0,0
"2862",60,537,10,0,0
"2863",65,515,10,0,0
"2864",70,447,10,0,0
"2865",75,281,11,0,0
"2866",80,217,11,0,0
"2867",85,217,11,0,0
"2868",90,317,11,0,0
"2869",95,311,11,0,0
"2870",100,333,11,0,0
"2871",105,359,11,0,0
"2872",110,169,11,0,0
"2873",115,369,11,0,0
"2874",120,369,11,0,0
"2875",125,557,11,0,0
"2876",130,559,11,0,0
"2877",135,565,11,0,0
"2878",140,547,11,0,0
"2879",145,547,11,0,0
"2880",150,667,11,0,0
"2881",155,667,11,0,0
"2882",160,527,12,0,0
"2883",5,1500,0,0,1
"2884",10,1200,2,0,1
"2885",15,880,4,0,1
"2886",20,586,5,0,1
"2887",25,598,6,0,1
"2888",30,596,6,0,1
"2889",35,561,8,0,1
"2890",40,197,9,0,1
"2891",45,181,10,0,1
"2892",50,409,10,0,1
"2893",55,605,10,0,1
"2894",60,803,10,0,1
"2895",65,825,10,0,1
"2896",70,893,10,0,1
"2897",75,719,11,0,1
"2898",80,983,11,0,1
"2899",85,663,13,0,1
"2900",90,483,14,0,1
"2901",95,689,14,0,1
"2902",100,667,14,0,1
"2903",105,1041,14,0,1
"2904",110,1231,14,0,1
"2905",115,1231,14,0,1
"2906",120,831,15,2,1
"2907",125,293,16,4,1
"2908",130,91,16,5,1
"2909",135,85,16,6,1
"2910",140,103,16,6,1
"2911",145,103,16,7,1
"2912",150,83,16,7,1
"2913",155,283,16,8,1
"2914",160,83,16,10,1
"2915",5,1500,0,0,0
"2916",10,1200,2,0,0
"2917",15,740,4,0,0
"2918",20,390,6,0,0
"2919",25,316,7,0,0
"2920",30,553,7,0,0
"2921",35,345,7,0,0
"2922",40,539,7,0,0
"2923",45,81,9,0,0
"2924",5,1500,0,0,1
"2925",10,760,5,0,1
"2926",15,480,7,0,1
"2927",20,180,10,1,1
"2928",25,194,10,1,1
"2929",30,57,10,3,1
"2930",35,215,10,4,1
"2931",40,321,10,6,1
"2932",45,149,10,9,1
"2933",5,1500,0,0,1
"2934",10,1180,2,0,1
"2935",15,662,4,0,1
"2936",20,592,5,0,1
"2937",25,786,5,0,1
"2938",30,386,7,0,1
"2939",35,573,7,0,1
"2940",5,1500,0,0,0
"2941",10,1100,3,0,0
"2942",15,288,6,0,0
"2943",20,138,7,0,0
"2944",25,144,7,0,0
"2945",30,144,7,0,0
"2946",35,17,8,0,0
"2947",5,1500,0,0,1
"2948",10,1060,2,0,1
"2949",15,260,6,0,1
"2950",20,234,6,0,1
"2951",25,346,7,0,1
"2952",30,346,7,0,1
"2953",35,196,8,0,1
"2954",40,170,8,0,1
"2955",45,150,9,0,1
"2956",50,156,9,0,1
"2957",55,320,9,0,1
"2958",60,170,10,0,1
"2959",65,384,10,0,1
"2960",5,1500,0,0,0
"2961",10,870,4,0,0
"2962",15,272,6,0,0
"2963",20,98,8,0,0
"2964",25,76,8,0,0
"2965",30,76,8,0,0
"2966",35,226,8,0,0
"2967",40,52,9,0,0
"2968",45,192,10,0,0
"2969",50,206,11,0,0
"2970",55,2,12,0,0
"2971",60,92,13,1,0
"2972",65,28,13,2,0
"2973",5,1500,0,0,1
"2974",10,1326,1,0,1
"2975",15,1314,1,0,1
"2976",20,1239,2,0,1
"2977",25,1411,2,0,1
"2978",30,1411,2,0,1
"2979",35,1611,2,0,1
"2980",40,1171,4,0,1
"2981",45,1353,4,0,1
"2982",50,1337,4,0,1
"2983",55,1507,4,0,1
"2984",60,1456,4,0,1
"2985",65,1226,5,0,1
"2986",70,1390,5,0,1
"2987",75,1374,5,0,1
"2988",80,1474,5,0,1
"2989",85,1492,5,0,1
"2990",90,1208,5,0,1
"2991",95,1208,5,0,1
"2992",100,1192,5,0,1
"2993",5,1500,0,0,0
"2994",10,1214,2,0,0
"2995",15,536,6,0,0
"2996",20,121,9,0,0
"2997",25,149,9,0,0
"2998",30,149,9,0,0
"2999",35,49,11,2,0
"3000",40,199,11,3,0
"3001",45,67,12,4,0
"3002",50,183,12,6,0
"3003",55,163,12,7,0
"3004",60,164,12,8,0
"3005",65,74,13,10,0
"3006",70,60,13,11,0
"3007",75,26,13,12,0
"3008",80,176,13,15,0
"3009",85,258,13,17,0
"3010",90,692,13,18,0
"3011",95,82,15,19,0
"3012",100,48,15,20,0
"3013",5,1500,0,0,1
"3014",10,1500,1,0,1
"3015",15,1500,1,0,1
"3016",20,1500,2,0,1
"3017",25,1300,3,0,1
"3018",30,1378,4,0,1
"3019",35,1350,4,0,1
"3020",40,1528,4,0,1
"3021",45,1706,4,0,1
"3022",50,1656,4,0,1
"3023",55,1556,4,0,1
"3024",60,1510,4,0,1
"3025",5,1500,0,0,0
"3026",10,530,6,0,0
"3027",15,10,8,0,0
"3028",20,10,8,0,0
"3029",25,40,9,1,0
"3030",30,62,9,1,0
"3031",35,40,9,2,0
"3032",40,52,10,3,0
"3033",45,114,11,5,0
"3034",50,114,11,6,0
"3035",55,34,12,8,0
"3036",60,50,13,9,0
"3037",5,1500,0,0,1
"3038",10,630,4,0,1
"3039",15,550,6,0,1
"3040",20,300,8,0,1
"3041",25,199,9,0,1
"3042",30,342,9,0,1
"3043",35,422,9,0,1
"3044",5,1500,0,0,0
"3045",10,1120,2,0,0
"3046",15,420,6,0,0
"3047",20,360,7,0,0
"3048",25,51,8,0,0
"3049",30,108,10,0,0
"3050",35,-72,0,0,0
"3051",5,1500,0,0,1
"3052",10,1500,0,0,1
"3053",15,1668,0,0,1
"3054",20,1728,0,0,1
"3055",25,1928,0,0,1
"3056",30,1928,0,0,1
"3057",35,2128,0,0,1
"3058",40,2328,0,0,1
"3059",45,1928,2,0,1
"3060",50,2042,2,0,1
"3061",5,1500,0,0,0
"3062",10,310,5,0,0
"3063",15,162,7,0,0
"3064",20,62,8,0,0
"3065",25,62,8,0,0
"3066",30,62,8,2,0
"3067",35,2,9,2,0
"3068",40,2,9,2,0
"3069",45,92,10,3,0
"3070",50,78,10,4,0
"3071",5,1500,0,0,1
"3072",10,1300,1,0,1
"3073",15,1400,1,0,1
"3074",20,1416,1,0,1
"3075",25,1576,1,0,1
"3076",30,1356,2,0,1
"3077",35,1256,2,0,1
"3078",40,1234,2,0,1
"3079",45,1228,2,0,1
"3080",50,1244,2,0,1
"3081",55,1222,2,0,1
"3082",60,1222,2,0,1
"3083",5,1500,0,0,0
"3084",10,630,5,0,0
"3085",15,370,6,0,0
"3086",20,74,9,0,0
"3087",25,54,10,0,0
"3088",30,54,11,0,0
"3089",35,154,11,0,0
"3090",40,156,12,0,0
"3091",45,362,12,0,0
"3092",50,346,12,0,0
"3093",55,108,13,1,0
"3094",60,8,13,2,0
"3095",5,1500,0,0,1
"3096",10,1500,0,0,1
"3097",15,1500,1,0,1
"3098",20,1475,2,0,1
"3099",25,1651,2,0,1
"3100",30,1701,2,0,1
"3101",35,1683,2,0,1
"3102",40,1533,3,0,1
"3103",45,1533,3,0,1
"3104",50,1533,3,0,1
"3105",5,1500,0,0,0
"3106",10,640,5,0,0
"3107",15,200,8,0,0
"3108",20,75,9,0,0
"3109",25,199,10,0,0
"3110",30,149,10,0,0
"3111",35,67,10,0,0
"3112",40,77,11,0,0
"3113",45,77,11,0,0
"3114",50,77,11,0,0
"3115",5,1500,0,0,0
"3116",10,1376,1,0,0
"3117",15,1188,3,0,0
"3118",20,792,5,0,0
"3119",25,212,7,0,0
"3120",30,232,8,0,0
"3121",35,280,9,0,0
"3122",40,280,10,0,0
"3123",45,258,10,0,0
"3124",50,454,10,0,0
"3125",55,244,12,0,0
"3126",5,1500,0,0,1
"3127",10,964,3,0,1
"3128",15,412,5,0,1
"3129",20,468,6,0,1
"3130",25,318,7,0,1
"3131",30,318,9,0,1
"3132",35,320,9,0,1
"3133",40,320,9,0,1
"3134",45,342,9,0,1
"3135",50,446,9,0,1
"3136",55,196,10,0,1
"3137",5,1500,0,0,1
"3138",10,1288,1,0,1
"3139",15,1474,1,0,1
"3140",20,1674,1,0,1
"3141",25,1624,1,0,1
"3142",30,1812,1,0,1
"3143",35,1812,1,0,1
"3144",40,1812,1,0,1
"3145",45,1812,1,0,1
"3146",50,1929,1,0,1
"3147",5,1500,0,0,0
"3148",10,592,5,0,0
"3149",15,166,8,0,0
"3150",20,16,9,0,0
"3151",25,66,9,0,0
"3152",30,18,10,0,0
"3153",35,18,11,0,0
"3154",40,18,11,0,0
"3155",45,18,11,0,0
"3156",50,61,12,1,0
"3157",5,1500,0,0,1
"3158",10,1300,1,0,1
"3159",15,1286,2,0,1
"3160",5,1500,0,0,0
"3161",10,700,4,0,0
"3162",15,234,6,0,0
"3163",5,1500,0,0,1
"3164",10,1500,0,0,1
"3165",15,1325,1,0,1
"3166",20,1265,1,0,1
"3167",25,1465,1,0,1
"3168",30,1451,1,0,1
"3169",35,1651,1,0,1
"3170",40,1576,1,0,1
"3171",45,1776,1,0,1
"3172",50,1680,2,0,1
"3173",55,1822,2,0,1
"3174",60,1772,2,0,1
"3175",5,1500,0,0,0
"3176",10,1180,2,0,0
"3177",15,1005,4,0,0
"3178",20,25,8,2,0
"3179",25,65,9,3,0
"3180",30,79,10,3,0
"3181",35,79,10,3,0
"3182",40,94,11,4,0
"3183",45,94,11,4,0
"3184",50,140,12,7,0
"3185",55,98,12,9,0
"3186",60,148,12,11,0
"3187",5,1500,0,0,1
"3188",10,1500,0,0,1
"3189",15,1700,0,0,1
"3190",20,1474,2,0,1
"3191",25,1314,3,0,1
"3192",30,1506,3,0,1
"3193",35,1488,3,0,1
"3194",40,1428,4,0,1
"3195",45,1042,4,0,1
"3196",50,1054,4,0,1
"3197",5,1500,0,0,0
"3198",10,700,5,0,0
"3199",15,20,9,0,0
"3200",20,26,9,0,0
"3201",25,166,10,0,0
"3202",30,114,11,0,0
"3203",35,82,12,2,0
"3204",40,32,12,3,0
"3205",45,248,13,6,0
"3206",50,36,14,10,0
"3207",5,1500,0,0,1
"3208",10,1260,1,0,1
"3209",15,1225,1,0,1
"3210",20,1175,2,0,1
"3211",25,1375,2,0,1
"3212",30,1175,3,0,1
"3213",35,1365,3,0,1
"3214",40,1265,3,0,1
"3215",45,1465,3,0,1
"3216",50,1245,4,1,1
"3217",5,1500,0,0,0
"3218",10,940,4,0,0
"3219",15,45,7,0,0
"3220",20,75,7,0,0
"3221",25,275,7,0,0
"3222",30,115,8,0,0
"3223",35,225,9,0,0
"3224",40,275,10,0,0
"3225",45,75,11,0,0
"3226",50,125,11,0,0
"3227",5,1500,0,0,1
"3228",10,1210,2,0,1
"3229",15,790,5,0,1
"3230",20,454,6,0,1
"3231",25,664,6,0,1
"3232",30,524,8,0,1
"3233",35,324,9,0,1
"3234",40,418,9,0,1
"3235",45,307,9,0,1
"3236",50,491,9,0,1
"3237",55,295,10,0,1
"3238",60,505,10,0,1
"3239",65,505,11,0,1
"3240",5,1500,0,0,0
"3241",10,1100,3,0,0
"3242",15,850,4,0,0
"3243",20,326,8,0,0
"3244",25,516,8,0,0
"3245",30,256,9,0,0
"3246",35,356,10,0,0
"3247",40,122,12,0,0
"3248",45,133,12,0,0
"3249",50,69,13,1,0
"3250",55,45,13,1,0
"3251",60,35,13,3,0
"3252",65,35,13,3,0
"3253",5,1500,0,0,0
"3254",10,1350,1,0,0
"3255",15,1548,1,0,0
"3256",20,1510,1,0,0
"3257",25,1678,1,0,0
"3258",30,1778,1,0,0
"3259",35,1778,1,0,0
"3260",40,1710,1,0,0
"3261",45,1710,1,0,0
"3262",50,1884,1,0,0
"3263",55,1834,1,0,0
"3264",60,1934,1,0,0
"3265",65,1910,1,0,0
"3266",70,1960,1,0,0
"3267",75,1890,1,0,0
"3268",80,2070,1,0,0
"3269",85,2072,1,0,0
"3270",90,2160,1,0,0
"3271",95,2048,2,0,0
"3272",100,2198,2,0,0
"3273",105,2194,2,0,0
"3274",110,2144,2,0,0
"3275",115,2188,2,0,0
"3276",120,2152,2,0,0
"3277",125,2324,2,0,0
"3278",130,2524,2,0,0
"3279",135,1903,2,0,0
"3280",140,1903,2,0,0
"3281",145,1653,2,0,0
"3282",150,1537,2,0,0
"3283",155,1313,3,0,0
"3284",160,313,3,0,0
"3285",165,277,3,0,0
"3286",170,287,3,0,0
"3287",175,287,3,0,0
"3288",5,1500,0,0,1
"3289",10,1090,4,0,1
"3290",15,192,8,0,1
"3291",20,290,9,0,1
"3292",25,162,10,0,1
"3293",30,122,11,0,1
"3294",35,82,12,1,1
"3295",40,50,12,2,1
"3296",45,30,13,3,1
"3297",50,56,13,3,1
"3298",55,6,14,4,1
"3299",60,206,14,4,1
"3300",65,130,14,5,1
"3301",70,170,16,7,1
"3302",75,290,16,9,1
"3303",80,210,16,13,1
"3304",85,158,16,14,1
"3305",90,120,16,15,1
"3306",95,32,16,16,1
"3307",100,2,17,17,1
"3308",105,206,17,17,1
"3309",110,256,17,20,1
"3310",115,262,17,22,1
"3311",120,78,18,22,1
"3312",125,106,18,22,1
"3313",130,6,18,23,1
"3314",135,167,19,25,1
"3315",140,67,19,26,1
"3316",145,467,19,27,1
"3317",150,633,19,30,1
"3318",155,457,19,32,1
"3319",160,1037,20,32,1
"3320",165,1173,20,34,1
"3321",170,1163,20,34,1
"3322",175,1013,21,35,1
"3323",5,1500,0,0,1
"3324",10,1500,0,0,1
"3325",15,1726,1,0,1
"3326",20,1708,1,0,1
"3327",25,1458,3,0,1
"3328",30,1708,3,0,1
"3329",35,1708,3,0,1
"3330",40,1708,3,0,1
"3331",45,1908,3,0,1
"3332",50,2023,3,0,1
"3333",55,2223,3,0,1
"3334",60,2205,3,0,1
"3335",65,2261,3,0,1
"3336",70,2163,3,0,1
"3337",75,2263,3,0,1
"3338",80,2315,3,0,1
"3339",85,2509,3,0,1
"3340",5,1500,0,0,0
"3341",10,160,6,0,0
"3342",15,184,6,0,0
"3343",20,202,6,0,0
"3344",25,102,7,0,0
"3345",30,52,8,0,0
"3346",35,252,8,0,0
"3347",40,52,8,0,0
"3348",45,52,10,0,0
"3349",50,137,10,0,0
"3350",55,17,12,0,0
"3351",60,85,13,1,0
"3352",65,79,13,2,0
"3353",70,27,14,3,0
"3354",75,127,14,3,0
"3355",80,25,14,4,0
"3356",85,31,14,4,0
"3357",5,1500,0,0,0
"3358",10,1675,0,0,0
"3359",15,1661,0,0,0
"3360",20,1861,0,0,0
"3361",25,1930,0,0,0
"3362",30,2105,0,0,0
"3363",35,1691,2,0,0
"3364",40,1879,2,0,0
"3365",45,1879,2,0,0
"3366",50,1881,2,0,0
"3367",55,1881,2,0,0
"3368",60,2051,2,0,0
"3369",65,1951,2,0,0
"3370",70,1837,2,0,0
"3371",75,1837,2,0,0
"3372",80,2013,2,0,0
"3373",85,2193,2,0,0
"3374",90,2121,2,0,0
"3375",95,2121,2,0,0
"3376",100,2289,2,0,0
"3377",105,2119,2,0,0
"3378",110,2169,2,0,0
"3379",115,2169,2,0,0
"3380",120,1549,2,0,0
"3381",125,1559,2,0,0
"3382",130,1339,2,0,0
"3383",135,1145,2,0,0
"3384",140,799,2,0,0
"3385",145,951,2,0,0
"3386",150,1121,2,0,0
"3387",155,971,2,0,0
"3388",160,951,2,0,0
"3389",165,951,2,0,0
"3390",170,671,2,0,0
"3391",175,411,2,0,0
"3392",180,-169,0,0,0
"3393",5,1500,0,0,1
"3394",10,55,7,0,1
"3395",15,169,8,0,1
"3396",20,109,9,0,1
"3397",25,40,11,0,1
"3398",30,105,12,0,1
"3399",35,319,12,0,1
"3400",40,181,14,1,1
"3401",45,31,14,4,1
"3402",50,29,14,4,1
"3403",55,39,15,5,1
"3404",60,69,15,5,1
"3405",65,19,15,7,1
"3406",70,33,15,8,1
"3407",75,333,15,10,1
"3408",80,57,16,12,1
"3409",85,277,16,12,1
"3410",90,249,16,13,1
"3411",95,299,16,15,1
"3412",100,81,17,16,1
"3413",105,191,18,18,1
"3414",110,91,18,20,1
"3415",115,41,18,23,1
"3416",120,1011,18,24,1
"3417",125,841,19,25,1
"3418",130,711,21,27,1
"3419",135,755,21,28,1
"3420",140,1301,21,28,1
"3421",145,1099,21,32,1
"3422",150,609,23,32,1
"3423",155,659,23,33,1
"3424",160,879,23,33,1
"3425",165,529,23,36,1
"3426",170,1059,23,37,1
"3427",175,1069,23,41,1
"3428",180,1399,23,44,1
"3429",5,1500,0,0,1
"3430",10,1500,0,0,1
"3431",15,1519,1,0,1
"3432",20,1497,1,0,1
"3433",25,1561,1,0,1
"3434",30,1661,1,0,1
"3435",35,1633,1,0,1
"3436",40,1833,1,0,1
"3437",45,1999,1,0,1
"3438",5,1500,0,0,0
"3439",10,240,6,0,0
"3440",15,41,8,0,0
"3441",20,63,8,0,0
"3442",25,299,8,0,0
"3443",30,49,10,0,0
"3444",35,77,10,0,0
"3445",40,217,11,0,0
"3446",45,51,12,0,0
"3447",5,1500,0,0,1
"3448",10,1080,2,0,1
"3449",15,894,4,0,1
"3450",20,582,6,0,1
"3451",25,416,8,0,1
"3452",30,612,8,0,1
"3453",35,630,8,0,1
"3454",40,290,10,0,1
"3455",45,326,10,0,1
"3456",50,226,10,0,1
"3457",55,226,10,0,1
"3458",60,340,10,0,1
"3459",65,316,10,0,1
"3460",70,354,10,0,1
"3461",75,508,11,1,1
"3462",5,1500,0,0,0
"3463",10,1230,2,0,0
"3464",15,556,4,0,0
"3465",20,438,5,0,0
"3466",25,304,7,0,0
"3467",30,308,7,0,0
"3468",35,290,8,0,0
"3469",40,270,8,0,0
"3470",45,54,10,0,0
"3471",50,104,11,1,0
"3472",55,4,11,3,0
"3473",60,190,11,5,0
"3474",65,314,11,7,0
"3475",70,176,12,9,0
"3476",75,112,12,13,0
"3477",5,1500,0,0,1
"3478",10,1500,0,0,1
"3479",15,1500,0,0,1
"3480",5,1500,0,0,0
"3481",10,440,6,0,0
"3482",15,80,9,0,0
"3483",5,1500,0,0,1
"3484",10,900,2,0,1
"3485",15,846,4,0,1
"3486",20,552,6,0,1
"3487",25,297,7,0,1
"3488",30,403,8,0,1
"3489",35,143,9,0,1
"3490",40,308,9,0,1
"3491",45,324,9,0,1
"3492",50,489,9,0,1
"3493",55,169,10,0,1
"3494",60,359,10,0,1
"3495",65,159,12,0,1
"3496",70,309,12,0,1
"3497",75,274,12,0,1
"3498",80,356,13,3,1
"3499",85,528,13,3,1
"3500",90,560,13,4,1
"3501",95,510,13,5,1
"3502",5,1500,0,0,0
"3503",10,1160,2,0,0
"3504",15,564,4,0,0
"3505",20,608,5,0,0
"3506",25,243,7,0,0
"3507",30,107,8,0,0
"3508",35,107,8,0,0
"3509",40,342,8,0,0
"3510",45,326,8,0,0
"3511",50,361,8,0,0
"3512",55,241,10,0,0
"3513",60,111,11,0,0
"3514",65,111,11,0,0
"3515",70,161,11,0,0
"3516",75,176,12,0,0
"3517",80,224,12,0,0
"3518",85,252,12,0,0
"3519",90,170,12,0,0
"3520",95,10,13,0,0
"3521",5,1500,0,0,1
"3522",10,1500,0,0,1
"3523",15,1500,0,0,1
"3524",20,1524,1,0,1
"3525",25,1524,1,0,1
"3526",30,1424,1,0,1
"3527",35,1610,1,0,1
"3528",40,1640,2,0,1
"3529",5,1500,0,0,0
"3530",10,780,4,0,0
"3531",15,400,6,0,0
"3532",20,266,7,0,0
"3533",25,26,11,0,0
"3534",30,126,11,1,0
"3535",35,40,11,2,0
"3536",40,60,12,2,0
"3537",5,1500,0,0,1
"3538",10,1010,3,0,1
"3539",15,1006,3,0,1
"3540",20,346,6,0,1
"3541",25,532,7,0,1
"3542",5,1500,0,0,0
"3543",10,1040,2,0,0
"3544",15,524,4,0,0
"3545",20,174,6,0,0
"3546",25,28,8,0,0
"3547",5,1500,0,0,1
"3548",10,1320,1,0,1
"3549",15,1498,1,0,1
"3550",20,1290,2,0,1
"3551",25,1480,2,0,1
"3552",30,1480,2,0,1
"3553",35,1502,3,0,1
"3554",40,1696,3,0,1
"3555",45,1611,4,0,1
"3556",50,1613,4,0,1
"3557",55,1809,4,0,1
"3558",60,1809,4,0,1
"3559",65,2006,4,0,1
"3560",70,1826,5,0,1
"3561",75,1756,5,3,1
"3562",80,1506,6,5,1
"3563",85,1176,6,7,1
"3564",90,1176,6,8,1
"3565",5,1500,0,0,0
"3566",10,760,4,0,0
"3567",15,132,7,0,0
"3568",20,140,7,0,0
"3569",25,190,9,0,0
"3570",30,40,10,0,0
"3571",35,258,10,0,0
"3572",40,264,10,0,0
"3573",45,289,11,0,0
"3574",50,187,12,0,0
"3575",55,151,13,2,0
"3576",60,1,13,5,0
"3577",65,54,13,8,0
"3578",70,204,13,9,0
"3579",75,174,13,9,0
"3580",80,134,13,10,0
"3581",85,364,13,10,0
"3582",90,64,14,10,0
"3583",5,1500,0,0,1
"3584",10,1500,0,0,1
"3585",15,1500,0,0,1
"3586",20,1480,0,0,1
"3587",5,1500,0,0,0
"3588",10,800,4,0,0
"3589",15,220,6,0,0
"3590",20,20,7,0,0
"3591",5,1500,0,0,1
"3592",10,1350,1,0,1
"3593",15,974,3,0,1
"3594",20,964,4,0,1
"3595",25,1156,4,0,1
"3596",30,1006,5,0,1
"3597",35,1206,5,0,1
"3598",40,1406,5,0,1
"3599",45,1492,5,0,1
"3600",5,1500,0,0,0
"3601",10,780,5,0,0
"3602",15,216,7,0,0
"3603",20,106,8,0,0
"3604",25,54,10,0,0
"3605",30,54,10,0,0
"3606",35,54,11,2,0
"3607",40,154,11,4,0
"3608",45,-32,0,0,0
"3609",5,1500,0,0,1
"3610",10,1500,0,0,1
"3611",15,1500,1,0,1
"3612",20,1376,1,0,1
"3613",25,1601,1,0,1
"3614",30,1801,1,0,1
"3615",35,1701,1,0,1
"3616",40,1861,1,0,1
"3617",45,2049,1,0,1
"3618",50,1849,2,0,1
"3619",55,1949,2,0,1
"3620",60,1849,2,0,1
"3621",65,1959,2,0,1
"3622",70,1945,2,0,1
"3623",75,2075,2,0,1
"3624",80,2195,2,0,1
"3625",85,2245,2,0,1
"3626",90,2193,3,0,1
"3627",95,2179,3,0,1
"3628",100,1799,3,0,1
"3629",105,1759,3,0,1
"3630",110,1247,3,0,1
"3631",115,1225,3,0,1
"3632",120,755,3,0,1
"3633",125,755,3,0,1
"3634",5,1500,0,0,0
"3635",10,880,2,0,0
"3636",15,330,5,0,0
"3637",20,74,8,0,0
"3638",25,149,9,0,0
"3639",30,49,10,0,0
"3640",35,49,10,0,0
"3641",40,89,10,0,0
"3642",45,51,10,1,0
"3643",50,91,11,3,0
"3644",55,291,11,5,0
"3645",60,11,12,7,0
"3646",65,101,13,8,0
"3647",70,5,14,9,0
"3648",75,25,14,10,0
"3649",80,195,15,11,0
"3650",85,45,15,13,0
"3651",90,247,15,14,0
"3652",95,211,15,17,0
"3653",100,451,16,19,0
"3654",105,341,17,20,0
"3655",110,853,17,22,0
"3656",115,625,18,24,0
"3657",120,995,19,25,0
"3658",125,475,21,27,0
"3659",5,1500,0,0,0
"3660",10,1500,0,0,0
"3661",15,1500,0,0,0
"3662",20,1500,0,0,0
"3663",25,1128,3,0,0
"3664",30,842,4,0,0
"3665",35,692,5,0,0
"3666",40,399,7,0,0
"3667",45,254,9,0,0
"3668",50,229,9,0,0
"3669",55,175,9,0,0
"3670",60,375,9,0,0
"3671",65,195,10,0,0
"3672",70,245,10,0,0
"3673",75,243,11,0,0
"3674",80,269,11,0,0
"3675",85,473,11,0,0
"3676",90,215,12,0,0
"3677",5,1500,0,0,1
"3678",10,600,4,0,1
"3679",15,600,4,0,1
"3680",20,120,6,0,1
"3681",25,132,6,0,1
"3682",30,38,7,0,1
"3683",35,188,8,0,1
"3684",40,48,9,0,1
"3685",45,8,10,1,1
"3686",50,133,10,2,1
"3687",55,87,10,3,1
"3688",60,27,11,5,1
"3689",65,127,11,6,1
"3690",70,77,11,8,1
"3691",75,79,11,8,1
"3692",80,53,11,8,1
"3693",85,149,11,9,1
"3694",90,67,11,9,1
"3695",5,1500,0,0,0
"3696",10,950,3,0,0
"3697",15,1150,3,0,0
"3698",20,1174,3,0,0
"3699",25,1156,3,0,0
"3700",30,1376,3,0,0
"3701",35,1576,3,0,0
"3702",40,1564,3,0,0
"3703",45,1564,3,0,0
"3704",50,1564,3,0,0
"3705",55,1734,3,0,0
"3706",60,1712,3,0,0
"3707",65,1896,3,0,0
"3708",70,1874,3,0,0
"3709",75,2036,3,0,0
"3710",80,2004,3,0,0
"3711",85,1702,3,0,0
"3712",90,1752,3,0,0
"3713",95,1800,3,0,0
"3714",100,1800,3,0,0
"3715",105,1788,3,0,0
"3716",110,1776,3,0,0
"3717",115,1758,3,0,0
"3718",120,1758,3,0,0
"3719",125,1288,3,0,0
"3720",130,1438,3,0,0
"3721",135,1426,3,0,0
"3722",140,1382,3,0,0
"3723",145,996,3,0,0
"3724",150,946,3,0,0
"3725",155,296,3,0,0
"3726",160,296,3,0,0
"3727",165,344,3,0,0
"3728",5,1500,0,0,1
"3729",10,1020,3,0,1
"3730",15,560,6,0,1
"3731",20,56,8,0,1
"3732",25,214,9,0,1
"3733",30,24,10,1,1
"3734",35,24,10,1,1
"3735",40,386,10,2,1
"3736",45,26,11,4,1
"3737",50,176,11,5,1
"3738",55,46,12,7,1
"3739",60,18,13,9,1
"3740",65,84,13,12,1
"3741",70,26,14,14,1
"3742",75,14,14,15,1
"3743",80,196,14,16,1
"3744",85,398,15,17,1
"3745",90,298,16,18,1
"3746",95,120,17,19,1
"3747",100,170,17,22,1
"3748",105,82,17,24,1
"3749",110,444,17,25,1
"3750",115,42,18,27,1
"3751",120,92,18,29,1
"3752",125,762,18,29,1
"3753",130,652,19,29,1
"3754",135,424,20,29,1
"3755",140,268,21,29,1
"3756",145,404,22,30,1
"3757",150,354,23,31,1
"3758",155,804,23,32,1
"3759",160,1104,23,33,1
"3760",165,1206,23,35,1
"3761",5,1500,0,0,1
"3762",10,1350,1,0,1
"3763",15,1330,1,0,1
"3764",20,1330,1,0,1
"3765",25,1366,1,0,1
"3766",30,1548,1,0,1
"3767",35,1348,2,0,1
"3768",40,1538,2,0,1
"3769",45,1537,2,0,1
"3770",50,1469,3,0,1
"3771",55,1665,3,0,1
"3772",5,1500,0,0,0
"3773",10,600,4,0,0
"3774",15,100,8,0,0
"3775",20,100,8,0,0
"3776",25,264,8,0,0
"3777",30,82,9,0,0
"3778",35,222,10,0,0
"3779",40,112,12,0,0
"3780",45,113,12,0,0
"3781",50,281,12,1,0
"3782",55,135,12,2,0
"3783",5,1500,0,0,0
"3784",10,1160,1,0,0
"3785",15,918,2,0,0
"3786",20,1118,2,0,0
"3787",25,1042,2,0,0
"3788",30,1142,2,0,0
"3789",35,982,3,0,0
"3790",40,982,3,0,0
"3791",45,802,4,0,0
"3792",50,802,4,0,0
"3793",55,582,5,0,0
"3794",60,546,5,0,0
"3795",65,152,6,0,0
"3796",70,262,6,0,0
"3797",75,402,6,0,0
"3798",80,402,6,0,0
"3799",85,446,6,0,0
"3800",90,356,6,0,0
"3801",95,360,6,0,0
"3802",100,174,6,0,0
"3803",105,114,7,0,0
"3804",5,1500,0,0,1
"3805",10,1350,2,0,1
"3806",15,1172,3,0,1
"3807",20,92,8,0,1
"3808",25,188,9,0,1
"3809",30,188,9,0,1
"3810",35,238,10,0,1
"3811",40,238,10,0,1
"3812",45,138,10,0,1
"3813",50,138,11,0,1
"3814",55,558,11,0,1
"3815",60,334,12,0,1
"3816",65,448,13,0,1
"3817",70,338,15,2,1
"3818",75,98,16,4,1
"3819",80,198,16,6,1
"3820",85,254,16,8,1
"3821",90,544,16,8,1
"3822",95,740,16,10,1
"3823",100,926,16,10,1
"3824",105,706,18,10,1
"3825",5,1500,0,0,1
"3826",10,1314,1,0,1
"3827",15,1034,3,0,1
"3828",20,594,5,0,1
"3829",25,520,6,0,1
"3830",30,520,6,0,1
"3831",35,394,7,0,1
"3832",40,618,7,0,1
"3833",5,1500,0,0,0
"3834",10,876,4,0,0
"3835",15,576,5,0,0
"3836",20,246,7,0,0
"3837",25,260,9,0,0
"3838",30,240,10,0,0
"3839",35,46,11,0,0
"3840",40,22,12,0,0
"3841",5,1500,0,0,0
"3842",10,1500,0,0,0
"3843",15,1700,0,0,0
"3844",20,1700,0,0,0
"3845",25,1700,0,0,0
"3846",30,1900,0,0,0
"3847",35,1796,0,0,0
"3848",40,1746,0,0,0
"3849",45,1926,0,0,0
"3850",50,1866,0,0,0
"3851",55,1866,0,0,0
"3852",60,1866,0,0,0
"3853",65,1688,1,0,0
"3854",70,1653,1,0,0
"3855",75,1053,1,0,0
"3856",80,1235,1,0,0
"3857",85,1345,1,0,0
"3858",90,1353,1,0,0
"3859",95,953,1,0,0
"3860",100,973,1,0,0
"3861",105,45,1,0,0
"3862",5,1500,0,0,1
"3863",10,1110,3,0,1
"3864",15,500,7,0,1
"3865",20,100,9,1,1
"3866",25,100,9,1,1
"3867",30,40,10,1,1
"3868",35,94,10,2,1
"3869",40,94,11,3,1
"3870",45,114,11,3,1
"3871",50,74,12,4,1
"3872",55,74,12,4,1
"3873",60,424,12,5,1
"3874",65,132,13,6,1
"3875",70,237,14,8,1
"3876",75,427,15,9,1
"3877",80,115,16,12,1
"3878",85,105,16,15,1
"3879",90,197,16,16,1
"3880",95,237,17,17,1
"3881",100,317,18,17,1
"3882",105,545,19,21,1
"3883",5,1500,0,0,1
"3884",10,1500,0,0,1
"3885",15,1500,0,0,1
"3886",20,1464,0,0,1
"3887",25,1664,0,0,1
"3888",30,1642,0,0,1
"3889",35,1834,0,0,1
"3890",40,1794,0,0,1
"3891",45,1974,0,0,1
"3892",50,1948,0,0,1
"3893",55,1920,0,0,1
"3894",60,1970,1,0,1
"3895",65,1956,1,0,1
"3896",70,1956,1,0,1
"3897",75,2184,1,0,1
"3898",80,2352,1,0,1
"3899",5,1500,0,0,0
"3900",10,390,6,0,0
"3901",15,110,8,0,0
"3902",20,146,8,0,0
"3903",25,86,9,0,0
"3904",30,108,9,0,0
"3905",35,116,9,0,0
"3906",40,156,9,0,0
"3907",45,26,11,3,0
"3908",50,202,11,4,0
"3909",55,130,11,6,0
"3910",60,80,11,7,0
"3911",65,44,12,10,0
"3912",70,44,13,10,0
"3913",75,16,13,10,0
"3914",80,108,14,10,0
